rid,treatment_group,vas_t0,vas_t1,age,sex,mean_fd,lh_bankssts_bctpos,lh_caudalanteriorcingulate_bctpos,lh_caudalmiddlefrontal_bctpos,lh_cuneus_bctpos,lh_entorhinal_bctpos,lh_fusiform_bctpos,lh_inferiorparietal_bctpos,lh_inferiortemporal_bctpos,lh_isthmuscingulate_bctpos,lh_lateraloccipital_bctpos,lh_lateralorbitofrontal_bctpos,lh_lingual_bctpos,lh_medialorbitofrontal_bctpos,lh_middletemporal_bctpos,lh_parahippocampal_bctpos,lh_paracentral_bctpos,lh_parsopercularis_bctpos,lh_parsorbitalis_bctpos,lh_parstriangularis_bctpos,lh_pericalcarine_bctpos,lh_postcentral_bctpos,lh_posteriorcingulate_bctpos,lh_precentral_bctpos,lh_precuneus_bctpos,lh_rostralanteriorcingulate_bctpos,lh_rostralmiddlefrontal_bctpos,lh_superiorfrontal_bctpos,lh_superiorparietal_bctpos,lh_superiortemporal_bctpos,lh_supramarginal_bctpos,lh_frontalpole_bctpos,lh_temporalpole_bctpos,lh_transversetemporal_bctpos,lh_insula_bctpos,rh_bankssts_bctpos,rh_caudalanteriorcingulate_bctpos,rh_caudalmiddlefrontal_bctpos,rh_cuneus_bctpos,rh_entorhinal_bctpos,rh_fusiform_bctpos,rh_inferiorparietal_bctpos,rh_inferiortemporal_bctpos,rh_isthmuscingulate_bctpos,rh_lateraloccipital_bctpos,rh_lateralorbitofrontal_bctpos,rh_lingual_bctpos,rh_medialorbitofrontal_bctpos,rh_middletemporal_bctpos,rh_parahippocampal_bctpos,rh_paracentral_bctpos,rh_parsopercularis_bctpos,rh_parsorbitalis_bctpos,rh_parstriangularis_bctpos,rh_pericalcarine_bctpos,rh_postcentral_bctpos,rh_posteriorcingulate_bctpos,rh_precentral_bctpos,rh_precuneus_bctpos,rh_rostralanteriorcingulate_bctpos,rh_rostralmiddlefrontal_bctpos,rh_superiorfrontal_bctpos,rh_superiorparietal_bctpos,rh_superiortemporal_bctpos,rh_supramarginal_bctpos,rh_frontalpole_bctpos,rh_temporalpole_bctpos,rh_transversetemporal_bctpos,rh_insula_bctpos,lh_bankssts_bctneg,lh_caudalanteriorcingulate_bctneg,lh_caudalmiddlefrontal_bctneg,lh_cuneus_bctneg,lh_entorhinal_bctneg,lh_fusiform_bctneg,lh_inferiorparietal_bctneg,lh_inferiortemporal_bctneg,lh_isthmuscingulate_bctneg,lh_lateraloccipital_bctneg,lh_lateralorbitofrontal_bctneg,lh_lingual_bctneg,lh_medialorbitofrontal_bctneg,lh_middletemporal_bctneg,lh_parahippocampal_bctneg,lh_paracentral_bctneg,lh_parsopercularis_bctneg,lh_parsorbitalis_bctneg,lh_parstriangularis_bctneg,lh_pericalcarine_bctneg,lh_postcentral_bctneg,lh_posteriorcingulate_bctneg,lh_precentral_bctneg,lh_precuneus_bctneg,lh_rostralanteriorcingulate_bctneg,lh_rostralmiddlefrontal_bctneg,lh_superiorfrontal_bctneg,lh_superiorparietal_bctneg,lh_superiortemporal_bctneg,lh_supramarginal_bctneg,lh_frontalpole_bctneg,lh_temporalpole_bctneg,lh_transversetemporal_bctneg,lh_insula_bctneg,rh_bankssts_bctneg,rh_caudalanteriorcingulate_bctneg,rh_caudalmiddlefrontal_bctneg,rh_cuneus_bctneg,rh_entorhinal_bctneg,rh_fusiform_bctneg,rh_inferiorparietal_bctneg,rh_inferiortemporal_bctneg,rh_isthmuscingulate_bctneg,rh_lateraloccipital_bctneg,rh_lateralorbitofrontal_bctneg,rh_lingual_bctneg,rh_medialorbitofrontal_bctneg,rh_middletemporal_bctneg,rh_parahippocampal_bctneg,rh_paracentral_bctneg,rh_parsopercularis_bctneg,rh_parsorbitalis_bctneg,rh_parstriangularis_bctneg,rh_pericalcarine_bctneg,rh_postcentral_bctneg,rh_posteriorcingulate_bctneg,rh_precentral_bctneg,rh_precuneus_bctneg,rh_rostralanteriorcingulate_bctneg,rh_rostralmiddlefrontal_bctneg,rh_superiorfrontal_bctneg,rh_superiorparietal_bctneg,rh_superiortemporal_bctneg,rh_supramarginal_bctneg,rh_frontalpole_bctneg,rh_temporalpole_bctneg,rh_transversetemporal_bctneg,rh_insula_bctneg
2,1,0.3,0.0,44,2,0.1987317949289142,0.25823988773750106,0.2674075136573716,0.32481087912629353,0.26365883261402634,0.1190198574493212,0.15377683681223356,0.26735745860315996,0.10964872513453254,0.22427123640499314,0.098134568104774,0.2483694374003461,0.2205387995532118,0.13516351393058995,0.10327125773673529,0.14696611111437613,0.37918127649104494,0.27249406238005286,0.1492298220123051,0.1423904191058558,0.28089637439854975,0.3380882206449967,0.3113443464085028,0.3864373642985134,0.31100163661466856,0.1932317547950303,0.35219270019742943,0.39245903820196154,0.2976626924822287,0.2127067137873338,0.3225119053969741,0.13645740668589235,0.2880230709609311,0.23181510696652247,0.2596417174061377,0.11185322225580982,0.2716746276894375,0.32812057091085106,0.20263350642598593,0.037192070760380495,0.2525133857570721,0.17375696577197414,0.24754988395228117,0.2402085135812977,0.10726373206493434,0.16695843419948986,0.15270348845487078,0.17497508370388717,0.2805953533023926,0.20246959081621244,0.3485503567429515,0.23741805409877723,0.18573906852604974,0.14921772859600646,0.1990143597154008,0.28773410066720334,0.3333454497781587,0.3585841843867396,0.33050900969937475,0.1969562373732224,0.2923982987842738,0.40350778213774774,0.2770041388952772,0.15092880118221522,0.2368563466880896,0.17245499954681032,0.16757753399912076,0.24963805303593373,0.1381252832396199,-0.047558408218095635,-0.010647653922943296,-0.023159161568595203,-0.03015852744617008,-0.021637990377270332,-0.04792786486276323,-0.034821895351946026,-0.23578631983802287,-0.007240777303124574,-0.10417007903396092,-0.0397531433687308,-0.03416640041530201,-0.054372481007216124,-0.22433346304493837,-0.012345199171693931,-0.032343148825499164,-0.049501771360539015,-0.10457311020103571,-0.024549414487860816,-0.024419566841269846,-0.03952366594058043,-0.007130139729054073,-0.03517217940952527,-0.01831367583834632,-0.022737828900127675,-0.0503105372231061,-0.05469691773286503,-0.03798341635174048,-0.029657383327273988,-0.0371093478506281,-0.030822956175621235,-0.04999436294712871,-0.030917112029761006,-0.04830652491744744,-0.057617335429003935,-0.010454447642755561,-0.02920295861054097,-0.02868852422694063,-0.06911661765419387,-0.011211192618299054,-0.038929061547653264,-0.08426820126238972,-0.001328979503421745,-0.08882113281443312,-0.06406526192808863,-0.04106972934666243,-0.04887285746160384,-0.07776371565838304,-0.019358574732459558,-0.01532078621811616,-0.052464051688740104,-0.032714532671564885,-0.0968698502705778,-0.022560646547157823,-0.02438360663471132,-0.006120932281389234,-0.04461238655323604,-0.01401367205819698,-0.023061301605747098,-0.029099011379581777,-0.050012614966684,-0.012781335501186522,-0.03518131927433894,-0.004369806053266142,-0.026368682820334034,-0.03026061859178847,-0.0443315693492244,-0.07318485750197753
3,2,5.5,1.5,39,1,0.3839142109021058,0.5358691707986183,0.713942154077916,0.749196368726083,0.4806629001487705,0.13378568373312866,0.6885387675172636,0.6269486862731709,0.49794887996600146,0.5289974764327826,0.2367563041203736,0.7312233294992087,0.4477011050962757,0.615363574122795,0.4792764445257309,0.20188198966080845,0.567567119400214,0.7327062661943419,0.668202939226213,0.8230756315144038,0.5172502600688977,0.6340570635781264,0.5549539244941171,0.7087534764120184,0.6994396950909337,0.6980447934193654,0.8344559437679447,0.8234671023161976,0.7955453308512989,0.7358354136842992,0.6836398541823735,0.4274462168308723,0.6728190021500882,0.4206523738500656,0.7101521018092828,0.7495101679190953,0.7894905265336428,0.5862730032872475,0.6403593565849278,0.4334928492211834,0.45875023104234297,0.7269225944888018,0.25552377510704716,0.6370950855332502,0.20487423236939692,0.6836231925653959,0.5819817516644707,0.7182291067594555,0.3950404893214796,0.3607322209418439,0.6370255915743029,0.8057198469170949,0.5641697598129007,0.7776755286039104,0.5150720159013905,0.6153238198727126,0.5918216334025925,0.7086228627461229,0.761157193684093,0.669653468474327,0.8683165589257312,0.8442074745728018,0.6357544679158533,0.8421142325965075,0.7750512427113565,0.17409258138776973,0.5102004569459352,0.15750564188693283,0.8409039496971806,-0.002021614483670937,-0.0050424138823071014,0.0,-0.004461951579577161,-0.013776833075302876,-0.0017385776215553509,-0.000802748859988506,-0.03338962504095473,0.0,0.0,0.0,-0.0019762743875086372,-0.009385445713756543,-0.03634126680011019,-0.053831368908814806,0.0,0.0,-0.014313869180914566,-0.0018373583392959135,-0.0027984316218853,-0.0033501523390444747,-0.003018337197709482,-0.004105850979400887,0.0,-0.001731150948311382,0.0,0.0,-0.00031992123147299705,-0.008730687698442187,-2.8347158114304478e-05,-0.001935041873675194,-0.005302808678459211,-0.023781874136793512,0.0,0.0,0.0,-0.002975892774132613,-0.0014809167790003045,-0.022158782250548664,-0.007003675793820048,-0.0020850818735097206,-0.07007954162458736,-5.8641750851467166e-05,-0.08931477831938196,-0.0026867421254270565,-0.0037078255802248986,0.0,-0.03505231126194508,-0.001770804095632312,0.0,0.0,-0.002796721203939097,0.0,-0.0016064072840325015,0.0,-0.0002540245535063105,-0.0026105883026080177,0.0,-0.001574112285455191,0.0,0.0,-0.0036883188356744414,-3.1879595713492535e-06,0.0,-0.0013392715034058224,-0.026730851772318636,-0.03309917331909574,-0.0011958794382527134
4,2,1.3,0.1,46,1,0.435747800001357,0.2514295813880931,0.4646341827935627,0.47386560000784866,0.25611959616914376,0.3027397588171982,0.3247907203271571,0.29324013369870444,0.31215161464307895,0.27066372973133657,0.21299365249573546,0.3826791114398414,0.2541279521478424,0.18609857805036265,0.3979700268619032,0.33965708765888597,0.4087327611490513,0.45753465561524165,0.2945307455661784,0.4627765446009796,0.22017010005779594,0.42816459592608486,0.39890221562948797,0.47563117558997486,0.3194608630150555,0.22914410446736386,0.4905988536254751,0.514932858305326,0.3314502008783915,0.3730768195261425,0.4779153134927989,0.20363687550861706,0.30002811150104003,0.3755060312845297,0.4418925424745892,0.31301910312281284,0.4125090484456705,0.4085519169763217,0.2544972543395907,0.2832878439899353,0.17200867160085528,0.2811920831835777,0.1617207250758422,0.2881335648435671,0.19598990400656677,0.3626896812440554,0.3120761788671512,0.20245303014285868,0.1631881416155728,0.3236158779815615,0.4629185741384577,0.42401876524021104,0.15080458095980404,0.15448127238214993,0.2702338495277943,0.42058988960199584,0.41413210253111743,0.42420704521036157,0.3556655923569296,0.2821838027838304,0.4709422756936972,0.5133805258436168,0.2616252040823803,0.2645454220448224,0.3941178411736058,0.22170467232579177,0.2660754264091802,0.3323252322101239,0.41412141841626754,-0.0028713270029531593,-0.04350260236967113,-0.04711218782114767,-0.12900890286533861,-0.07406922119745236,-0.0039848755677730895,-0.05459691169515919,-0.056669353971295654,-0.02889935391375265,-0.15286411482235465,-0.049773204067720185,-0.1229894584746749,-0.07762012230414178,-0.053621698682144725,0.0,-0.023108879489705584,-0.05643220259750818,-0.07371780417748659,-0.07689127031312101,-0.059668833704582126,-0.03625312121179011,-0.002227128014231106,-0.04751002057376734,-0.02464323111731488,-0.07789475354698393,-0.0784641533889631,-0.065640860956378,-0.033275318513800715,-0.006491700155158488,-0.024279493239775126,-0.08334258651264913,-0.03882677494299602,-0.0013559951672683151,-0.019307413391525585,-0.0018086419302188164,-0.03582521158826508,-0.04144343820994198,-0.08927150952081611,-0.06435787780654721,-0.10021477160851067,-0.05120940309889741,-0.204918426735242,-0.01022937961174862,-0.22812795967252042,-0.057554598415869886,-0.009249824885934113,-0.09409140752331917,-0.08770343896471645,0.0,-0.025141700558046123,-0.051830033854211546,-0.09997476913519644,-0.07969204965412675,-0.01870632004949477,-0.015206174126912253,-0.008120479556152868,-0.029339931175241602,-0.020955847674640916,-0.07457023409869157,-0.06968564926075857,-0.06031140068780694,-0.07174929682247935,-0.011972700661471635,-0.006456419278196885,-0.0887025473623008,-0.06431154875910924,0.0,-0.021620917616455557
6,1,0.0,1.5,46,1,0.1821626416258134,0.22224633922896916,0.22553939926890484,0.23945633559113727,0.2247653629271275,0.13599146303302345,0.23255853123247908,0.24844132109599362,0.23861335482915755,0.19579306863337897,0.21250460313418065,0.29972555741867474,0.20456903257491044,0.31530182851483124,0.3381847382763638,0.11185924984489981,0.33617858555803587,0.3004111729776075,0.2517256773326187,0.2786360388362147,0.23627871700920697,0.32421834747474787,0.298284328908669,0.36391326554526127,0.2603807739794512,0.2836766730469884,0.3585718338279178,0.30659711553855135,0.2820326375545059,0.35428666441897116,0.3206031025774474,0.14270220605297662,0.22157371496259842,0.16064622407049647,0.3247190558321444,0.2718171026258832,0.2297181495161974,0.3417370915274069,0.21071164629073602,0.21364058913268577,0.30678295242216036,0.23872389275440245,0.3120482003430691,0.17075725820326387,0.19089490870303394,0.24544202283077637,0.20529060150729736,0.35517861933728806,0.3183655805015651,0.12375593114296295,0.3234836718614569,0.22772847623503117,0.2531594774271052,0.21036153867116397,0.20286874999324575,0.2912131843503624,0.3275278455582441,0.34365931825908047,0.2661403851765244,0.34584883589207094,0.2502160280943527,0.3220650837813499,0.1829288687677843,0.29811268910448663,0.2655986027927622,0.23668035364002518,0.2453670787322196,0.1515255076922093,0.24996288696101227,-0.00480253675106254,-0.011491918661290748,-0.005253997330790682,-0.015243901921547143,-0.03753937979565001,-0.0002225064787617403,-0.002001417706068252,-0.008736610508041455,-0.007833668862110803,-0.03289455825008778,-0.0012323777758525881,-0.012013125440283644,-0.0017861084901436613,-0.0003230730656974358,-0.010259042567871492,-0.006336966135497384,-0.03554794033965175,-0.0063825567303568784,-0.011483823636208248,-0.002919899044531394,-0.008230138703521368,-0.0031502638784364,-0.01775404945775315,-0.013733118202254986,-0.0005278420836135597,-0.002689938243359646,-0.003026563079088289,-0.0026672268848127105,-0.0028831945943193615,-0.011875394348675865,-0.010964625235166375,-0.0029131869609651207,-0.009838319791804898,-0.014809258351218183,-0.0025528402375706483,-0.006354045835007503,0.0,-0.031195666183680786,-0.004626201893329495,-0.0005464454977394224,-0.00697207781234942,-0.001985285075813987,-0.010277284927081244,-0.05965836846919654,-0.0002837604726195045,-0.019981968693422354,0.0,0.0,-0.00839929265963703,-0.00866905676648026,-0.022928582150830715,-0.0015478316108387894,-0.018126184343231037,-0.011787297097262712,-0.006181530201851822,0.0,-0.013479177806411691,-0.018099410324789404,0.0,-0.0011271310509291313,-0.0008372869427249865,-0.012545495307668143,-0.004435882922955244,-0.015212519699938042,-0.004169430669055928,-0.0008054684883433642,-0.007572162190489317,-0.007597429306468555
7,2,9.0,0.6,40,1,0.2557042868993417,0.33939807889424045,0.23657594258908135,0.29575582714745113,0.36901276275828643,0.26983825690454516,0.4092037649392485,0.31406604406915717,0.3638610935904357,0.3548374437056064,0.2804657911961237,0.24319144977985707,0.418457860034614,0.19071459064119417,0.2850436315362194,0.31604377665539785,0.37349192685817056,0.28736510870309645,0.15917467576086158,0.20565494580271612,0.30256612069864763,0.3402454287846037,0.3442424776278213,0.40159703216067205,0.42512496787032045,0.21065198466939072,0.23617441505268674,0.28431402127076666,0.4140174384515826,0.4128329342220648,0.37514414934296564,0.1933570057518969,0.28592303022766463,0.26756571519356415,0.39731285370617875,0.2884808033258311,0.29549572131538326,0.22271694953121696,0.35848192733222023,0.2153836602674058,0.4167575836142261,0.35767785172221633,0.2993593421416313,0.3867737406969458,0.2752421221834801,0.25817468647810526,0.40429015498535253,0.2113173024828208,0.3740450573105151,0.3385925005065363,0.381710240919851,0.20489957685113738,0.20765801066039277,0.21674418413391566,0.28193537721576883,0.28856534200966694,0.3365320724149845,0.33523476502820226,0.44503526722059816,0.19827434637379335,0.18623798578729414,0.32660116570142517,0.3537832904294169,0.35630275109981446,0.2823533589928936,0.19038240055483482,0.20979021496655084,0.29178242926588177,0.3376890046314658,-0.0014598777531304105,-0.005887424686741504,-0.00025557309407829766,-0.007852376360856216,-0.0012522845565482656,-0.008181134401229062,-0.024811818646087058,0.0,-0.017010894411911268,-0.018630767717667637,-0.04044000166486475,-0.033205980340720156,-0.06598892013807181,-0.009245481637844579,-0.010787986066585787,-0.022756462673452327,-0.000954290311172579,-0.12053440715722977,-0.008012812033581751,-0.017802570690255533,-0.012756790823613078,-0.011436837923250037,0.0,-0.026701043359366287,-0.04818573407949163,-0.031726204481844635,-0.00023942882617735073,-0.036219676657970004,-0.004219767498106332,-0.01790244119326439,-0.10608739304469883,-0.005539794584880148,-0.00932259045085507,-0.005011504886640785,-1.1563174811956717e-05,-0.0009623357197279268,-0.0007767039880298343,-0.02787102678540784,-0.007551967949956944,-0.010626000281754675,-0.03078713890999739,-0.0007582560600879999,-0.0173542031756283,-0.012228613450452641,-0.05160925612651247,-0.03183143590586757,-0.05825912195110024,0.0,-0.01349210686971227,-0.031825081138797576,-0.02961960806808323,-0.08335867619442497,-0.0009761867542222464,-0.02956139130114301,-0.007572713729750858,-0.020806099015712762,-0.0024940467903809497,-0.027004576553566244,-0.01517080714132087,-0.0016095855784110744,0.0,-0.046152301895607754,-0.002125132874596978,-0.04808462929248874,-0.046456246694282485,-0.0132305793484858,-0.03438742407323206,-0.008841973033294688
8,1,5.0,0.0,33,1,0.1464115417746291,0.17578470279377229,0.2262234704534095,0.22515389964047094,0.20584575214140374,0.1691939067386607,0.2411765385643697,0.20887128210397232,0.2533465217045983,0.21490334848656328,0.10341193634803371,0.27281734431046806,0.26276828037595745,0.17978416007682707,0.25465722551885117,0.14928623153382883,0.1952996616675476,0.22967475071748608,0.2187668805684829,0.23508408811965126,0.23686255760447783,0.1987410278437489,0.23965382303190358,0.2319725025773086,0.2309584307574148,0.1952580215900125,0.22596008224000294,0.264832870648982,0.14810603952647092,0.24077583054933258,0.239098264193441,0.05469443901603935,0.16287464927629866,0.14415372209704475,0.2487953105270576,0.1599855467231844,0.2571659748024578,0.16346345914501795,0.28667718078825566,0.13436803256807658,0.21361607707304672,0.20663440858018542,0.21013311036260413,0.224036545749768,0.08479103114795516,0.29521264898060195,0.2732877879993265,0.21787153471976015,0.29839126347538797,0.1311008001170082,0.2222491612293958,0.23272895053116574,0.23626933119912463,0.1983452510207663,0.2598743622736241,0.19998848001509642,0.2587011663855417,0.25615355390885514,0.23108179664386017,0.19193052248408587,0.22043888382569418,0.19428437984111158,0.18273924187782722,0.2330607964932795,0.20162152686781498,0.23016667126510784,0.13914844765341886,0.10613476682819577,0.22448404955193096,-0.003923747041584243,-0.0030235626202956434,-0.022776018155612955,-0.004310192631310877,-0.008211019438733076,-0.0021452091768888897,-0.04673161326058035,-0.000952351280590582,-0.012436114542797935,-0.0243454746470197,-0.005111430484442705,-0.003558815257283452,-0.02619770811411983,-0.01998485193237259,-0.013704220484675034,-0.028954967750995413,-0.015241033324270329,-0.03431792736061044,-0.008796418078064949,-0.004429064007292566,-0.024702207835269448,-0.0031326727922046087,-0.025301102557236995,-0.006400293272698874,-0.01109924090338705,-0.012039186339664157,-0.004157455913555051,-0.029213399506833528,-0.00034235659767496257,-0.02621329634522598,-0.06205608748709255,-0.007336326066484892,-0.005493940925562007,-0.01665852126153047,-0.02013136859510962,-0.002277070377940761,-0.041598279648945836,-0.0019084329277237598,-0.007933653890258498,-0.0065772875595160665,-0.02475902891503698,-0.0015572045084614225,-0.005324847830968822,-0.033723701602220324,-0.0014050421010819417,-0.0030089813426640417,-0.005707570660471657,-0.002499559698683779,-0.01689348725422818,-0.02980653586983292,-0.015737350972351693,-0.012335390624063514,-0.0035301240225949315,-0.0029518574141531354,-0.025363343349060947,-0.0059809778813777895,-0.015359431861178732,-0.005196027559555628,-0.006479128232248707,-0.009839853743244958,-0.017091892916161533,-0.021349482806907336,-0.0033382120853236523,-0.044901161909253334,-0.0003640222046438164,-0.01144769830442269,-0.009476120350754963,-0.0215322651459965
10,1,3.04,8.4,47,1,0.1074229593724602,0.18227584198907082,0.22316839427804622,0.195033646397532,0.2541697631103244,0.15434412468608355,0.2742149794003849,0.1726697562698217,0.2632091407552052,0.20564500056399748,0.16438022498833751,0.2384454166778228,0.20072949916206592,0.23612257321660582,0.1917693754445632,0.07321092367868347,0.1758863469324759,0.16152115167994704,0.22944267684668307,0.1919917336978925,0.2535524280753998,0.1825449355163187,0.2205948402575824,0.22425601316078017,0.2068009155533906,0.10725092870110907,0.20216876879323595,0.21896565001453894,0.22476939309410462,0.1738888766519971,0.19404481441190644,0.14376526195954248,0.2140755152147385,0.23250035039851646,0.2214204309075937,0.14522748314941095,0.22439372911153152,0.15585523917106045,0.23165187145629965,0.16337390943261226,0.23281556958328228,0.14565231682626908,0.24254771691320098,0.2220319118507022,0.14588208739425113,0.26127002483917616,0.2113511419805724,0.18525288439042828,0.24744970925148888,0.09893165236260024,0.18708553549816487,0.18680222507164684,0.1625554275288923,0.21871863582045878,0.23717839257329046,0.19992691243281174,0.22682555025368087,0.22156736565941215,0.19299454440726913,0.17712106169542755,0.20798909246264424,0.205227842801326,0.1923217281104344,0.17078681950543026,0.1941565443914467,0.12333576811082728,0.22372541252913636,0.19355491256666302,0.2165191849465308,-0.03140594772097058,-0.0036195719131007047,-0.022080996064819197,-0.012590096183282043,-0.01788782050072539,-0.0010942156021412149,-0.04673534876999409,-0.008648354300734315,-0.0173101118162285,-0.05447791759891223,-0.02012837191383092,-0.01958370926960262,-0.031117643084741547,-0.03352919442212668,-0.032083084366347006,-0.02576772625415754,-0.03848385124899868,-0.02381999154584219,-0.014706696822059682,-0.012477825152711907,-0.03940920442278721,-0.010187289392754123,-0.03647056622245201,-0.03406718413978817,-0.03624959433178607,-0.03210450142364198,-0.0176052200041921,-0.06937705209076332,-0.05594268120503407,-0.06017956301169597,-0.0357638606673241,-0.014970433986148396,-0.009144221853656355,-0.016856427870153602,-0.07837068995618442,-0.010323021381589895,-0.03521488110302968,-0.01722080896470872,-0.0044969803726279374,-0.004620960659117982,-0.06948256894674441,-0.01330628588370794,-0.023292894515184147,-0.05443165029036875,-0.01635632478299557,-0.027140999088602537,-0.053700710028313316,-0.008640884338648113,-0.03911952198361395,-0.040925626345969635,-0.027271980448289896,-0.03296766605650447,-0.0171594380716083,-0.01583415119239806,-0.04902229554914097,-0.02253988881695674,-0.02312845836921632,-0.04477126751018459,-0.004754139986325455,-0.035816836435936625,-0.003737748804396812,-0.07751426452564271,-0.06568051461733218,-0.04644679083685702,-0.04040204404899945,-0.028325301233502853,-0.01895898463407321,-0.018995148459308556
11,2,7.6,4.0,24,1,0.2780358900607879,0.5936138821841735,0.6927594436227477,0.5412817057489873,0.44220965319335803,0.424383127436479,0.5508124124275452,0.609517936771244,0.6619407273709658,0.5884999460951366,0.4754553799644877,0.5778880805767239,0.5080549392787622,0.5898057202160529,0.687685505316423,0.6997009716609102,0.6105304138313039,0.6536105849979357,0.48752861558854316,0.6094030732517041,0.3708816631308325,0.6530385812217772,0.7413728181988256,0.7244806262578889,0.6243067048871871,0.6647944994946671,0.5441970384257504,0.6425144946495981,0.5811710655410417,0.74123733663937,0.7222951107076572,0.25699152911397966,0.4458513736043226,0.6243933700529919,0.7303416340279458,0.5117205319718688,0.6309983480538613,0.5659877475358253,0.4801084556405121,0.37820395532057144,0.6335859354590234,0.5799870241017887,0.6730595495975885,0.6031191190875603,0.4128891961779435,0.5517943295666279,0.4902123056295941,0.5671764078598661,0.7244525397387356,0.6490492741570745,0.5681654859431118,0.612497679357317,0.3815294367425344,0.40038641712008266,0.3610654015888496,0.577162842235776,0.6995907802693508,0.6755725101941908,0.5974964898918943,0.5720328332240006,0.39927785612586925,0.6533662862491755,0.5271636019909751,0.7183848208891164,0.49405861422175235,0.13355878563877524,0.510591400909387,0.4869268269199035,0.7013586649563069,-0.00010144981255103881,0.0,0.0,-0.0019285658563262403,-0.00022602898516459104,-0.00043690686536245973,0.0,-0.0003964794824629672,0.0,-0.0003364080180083268,0.0,-0.0010776395504119164,0.0,-0.00017426689599498658,0.0,0.0,0.0,0.0,0.0,-0.0030660565639546214,-0.00042046745284447015,0.0,0.0,0.0,0.0,0.0,0.0,0.0,0.0,0.0,-0.00017930902054182687,0.0,0.0,0.0,0.0,0.0,0.0,-0.0008933791931961866,-0.001892982147743349,-0.00033651408268841194,0.0,0.0,0.0,-0.0008122959460283463,0.0,-0.0012880524032258672,0.0,0.0,0.0,0.0,0.0,-0.0009500037865878939,-0.0009429783611554553,-0.001647953374445303,-0.000878078539666988,0.0,0.0,0.0,0.0,-0.0008279043438394583,0.0,0.0,0.0,0.0,-0.013903801949658161,0.0,-0.0013425302620359105,0.0
12,1,1.3,1.9,23,1,0.3528235004748097,0.4398396300680684,0.3706837857601763,0.5318859337990237,0.33993294302737365,0.22484010893572945,0.5825364659042267,0.592034944890757,0.4166749498762552,0.4727035008096146,0.3472238849074354,0.2619042157650721,0.33945907940168496,0.23510965824918875,0.5245494489924067,0.4527318059678275,0.49976434956251986,0.5774317247278199,0.25551899133440065,0.48364146613412584,0.47716602835951744,0.5566859679917926,0.5777347670777835,0.58000642804328,0.4074972006860076,0.2958992460087838,0.3653050789452595,0.5420963911235546,0.4529416497567853,0.4840416245524656,0.5642856774418302,0.04658432369847039,0.28073799528106264,0.49720316272719284,0.6077706075407273,0.4801483889075633,0.49483210179004267,0.5144995816062702,0.33898744516320306,0.24735367863134586,0.49954268047718225,0.45328656916778015,0.42098660721659553,0.49070050809712773,0.383163948521186,0.3482304889251079,0.4603743339481547,0.18741360654415748,0.5901249894282186,0.5036511702102121,0.5147385243787159,0.5405867805200247,0.31810143041196776,0.5366716508123793,0.4904356906762732,0.4992484536286044,0.5981610664432886,0.580435182442387,0.5131441755114561,0.342865016736273,0.40986302624921434,0.5818013668580221,0.44140443093218984,0.5779200265557753,0.49991336942178916,0.05458165604356739,0.18970567212590692,0.4941104897849178,0.5722370017482578,-0.009528783432486974,-0.005123215574691336,0.0,-0.009079587240624323,-0.0019220347575662465,-0.01193468238402816,-0.008691706868583952,-0.011270565847263212,-0.005361313472789098,-0.017071667082509984,-0.005700032444373894,-0.01486422689033949,-0.01699420868183375,-0.006142304084335363,-0.010168251008045593,-0.0023229942004712894,-0.004427656964244527,-0.0011342892901809508,-0.00856446426447492,-0.006247068115635422,-0.005229047548824381,-0.005324880001767324,-0.007535568737650774,-0.009915654532649887,-0.02048313159009243,-0.0020269219502355718,-0.015143497125263325,-0.011022460731707638,-0.009142768329216224,-0.005593061559851595,-0.17535506628381997,-0.014092807625965416,-0.006882088157229757,-0.00834280485331702,0.0,-0.006038594627553181,-0.001893280285475291,-0.0022800475460181585,-0.0022975076076561,-0.010838760847403959,-0.011360768971303786,-0.006071398398413836,-0.003383625727437404,-0.018493794421572517,-9.480789101732239e-05,-0.01211246800998806,-0.023447173197693908,-0.0019605167328410732,-0.005070494002059067,-0.0008131613851553999,-0.006633127840952585,-0.006275980684548915,-0.013846062328380435,-0.002218287113223773,-0.003525812309886185,-0.0047056148526797605,-0.0059599689540017755,-0.003637440662393506,-0.014670963215550706,-0.010777849046701864,-0.013274514007364293,-0.004400173464486435,-0.00800815432579052,-0.007270554197156109,-0.16221609672491924,-0.02129883204567589,-0.002510856312641527,-0.0022575065417364867
13,1,0.0,2.0,33,1,0.1883535221854296,0.19184410109812414,0.28785964721814067,0.2132064039849988,0.319748019914762,0.0817026596048044,0.24641529186947578,0.31709799665644695,0.28060544233052254,0.25238953826068866,0.1384927281245069,0.2595540819215478,0.3347486927148425,0.1829435555481383,0.22729671213440802,0.1931021354016602,0.2343362442363362,0.29465637347128876,0.11660319396548743,0.27247129447948715,0.3187054943748577,0.25899330585280206,0.33042510885158743,0.28855706206993387,0.37495397261316865,0.25644510653010777,0.28817007324059685,0.2690093311921813,0.315091033154068,0.2631673450155768,0.3036940490491935,0.04772278518306082,0.05392544540843928,0.18118231881689784,0.3318968496314383,0.2185749431258478,0.2754996420420124,0.09468557602013973,0.34083340303128074,0.043540080247349094,0.27403931441974366,0.28051883985118903,0.2576551969536849,0.21684371099619532,0.13103473448209385,0.24501830094329424,0.32418305513671997,0.28506480239681914,0.306131080123562,0.29091624469824395,0.2846759522146015,0.26636796690341535,0.1508817962917732,0.23638095628070316,0.3039416877947869,0.2509993301834734,0.32659527649188724,0.2613963344220897,0.3463649298926449,0.30419661621824384,0.17762007056939078,0.28646554882148495,0.28671256363976955,0.27862941640814276,0.28372643256114416,0.040589563786692845,0.045109649905802233,0.29492065277111645,0.29371719181633227,-0.008739598868938483,-0.008091042950250307,-0.013561825824929293,-0.0073187822152565,-0.0523580375647183,-0.00860407101665184,-0.005708779465010602,-0.013451382723082437,-0.005052981429770407,-0.014987694814707336,-0.0048524338067252055,-0.014436072350067036,-0.015652600262025026,-0.008266139364049489,-0.007450961843780816,-0.0043297757718718044,-0.011964828839477363,-0.02024828813880535,-0.01015462759300828,-0.010359614492088613,-0.004400263860517217,-0.0031778675094992445,-0.00508089835279379,-0.003892762760495224,-0.03212054179065205,-0.01620906422655228,-0.012023995266962106,-0.01126959285344155,-0.011858828375878391,-0.014285556840736088,-0.07788993474566942,-0.07418302628039439,-0.005216544211249833,-0.005346277917538975,-0.006033138158289485,-0.011816277991551142,-0.06302364177330365,-0.006231057857537456,-0.07507165720713259,-0.012444246196311102,-0.01262032652552355,-0.012220873694329733,-0.006464518905531211,-0.020988294074200328,-0.020594945235035515,-0.013713315004011437,-0.021302192436403498,-0.0024645923795388208,-0.00809666062182003,-0.007670765588430167,-0.017019461163812012,-0.023982227868152566,-0.01675521030324158,-0.009654950356706844,-0.0036722483446142177,-0.003987823647938919,-0.008159887863551792,-0.006567247279065845,-0.028161051105854585,-0.04491592275700278,-0.017492130819512675,-0.01323379984199686,-0.0047252680327443865,-0.018785016725312912,-0.10132522130292387,-0.1433801302498058,-0.004704874308041791,-0.008913700383068211
14,2,0.4,2.6,39,1,0.1543049483552297,0.35821881437383507,0.26882151572649404,0.3059967913579763,0.33128710812199536,0.08823284703030183,0.2333958442552344,0.4538104028930579,0.07996749847252602,0.4162485599133243,0.2974737892296437,0.3323830161219459,0.2998878576086122,0.19392920254974097,0.427344434786794,0.07155153034419201,0.3993933863747497,0.29505271751555906,0.14929864999926326,0.3351010480009571,0.29343379531292496,0.3217309790633356,0.12627455946869734,0.3977786564685772,0.4198192362564419,0.2214134362436553,0.43584497245689546,0.28921993587935724,0.4003896416463527,0.4430862698256841,0.412921193440443,0.12844634306930125,0.2821253521000996,0.3270577661195889,0.3454053136245885,0.3703547453664132,0.3486217361515352,0.35500458592190104,0.3088988715464141,0.037945984505488604,0.270740973735021,0.4371590362486074,0.260292910987068,0.4233544822331516,0.2523024666217344,0.22783972407402783,0.3085589078763003,0.20898012586088321,0.32995902216581174,0.14419988334972073,0.3184595069826446,0.2797146826343739,0.11132084164233857,0.2785558225684178,0.2575187786980731,0.2990125749473011,0.2538420241585467,0.4039326931691736,0.4465866927725208,0.23998867374905616,0.3994185520867645,0.4101837066403772,0.37570741699321664,0.36635557464558105,0.4103049241376161,0.13899741015660705,0.25086963858067324,0.14472094606617708,0.3193453006567489,-0.006739929214691441,-0.024811262762265834,-0.009722792662317764,-0.03381240700757969,-0.10009479780517265,-0.005631042821981019,-0.009960212401170482,-0.056603515476770866,-0.022064217228278764,-0.007950563864957006,-0.004902615276464876,-0.04171289054867395,-0.005435309999856081,-0.009001657731850006,-0.04261093544002242,-0.010977922482433893,-0.017939916397453418,-0.0629150180495035,-0.009665361389773903,-0.039632781878338026,-0.033919184162821955,-0.030235076175584557,-0.015072743104892134,-0.013226088512339342,-0.006965038116030382,-0.0068493533641079815,-0.0072912629325650544,-0.013975307543680694,-0.012360937029916735,-0.01747210442331679,-0.03389367602260171,-0.0015522852396594716,-0.01703880770797521,-0.018061842011510138,-0.013942326892656879,-0.018100246959476124,-0.008128595166753474,-0.030121721867525188,-0.28936305914913824,-0.013988119407497642,-0.015222001413779955,-0.007853879141179913,-0.021706322660117742,-0.012211307334992186,-0.007045287605103202,-0.050024469951607906,-0.003620528346780615,-0.0024810576352256556,-0.011266654702819246,-0.018086132043851528,-0.028007767780116377,-0.06915209559572577,-0.023243794996648852,-0.03646725256627118,-0.028585854794815926,-0.005096088074080022,-0.011171298503978024,-0.019081723105180422,-0.0046481118835570105,-0.009156271168500804,-0.012807895478789388,-0.017250717557543715,-0.0044056488068745766,-0.02443218337664258,-0.05409548845129989,-0.00225637841574684,-0.0345735108599768,-0.010204945652903578
15,2,2.9,0.0,37,2,0.0975219801019504,0.1553588687510946,0.2518081819005515,0.15641965563535973,0.2160523336772126,0.06503828176276875,0.10119643476422208,0.1684689231412812,0.1461807673425337,0.21651511442895607,0.09531388302117305,0.13890859431322816,0.17687084785867913,0.17473413779496993,0.15876747454750834,0.10870051121655254,0.30708339718912175,0.17862878517774142,0.10565648497268001,0.15014391817880604,0.17132992098105831,0.27145581871653274,0.26581941571991335,0.285781934413215,0.2770612806738362,0.18079490959778957,0.23948194334263365,0.26906078503155645,0.19228407098251346,0.21252021099867102,0.24744536526668864,0.16242287081451076,0.09116746267535907,0.2220919295736426,0.17399773224655465,0.15974396650049807,0.25280888836914367,0.16529359313887815,0.20272349264294737,0.07079780839300077,0.14472669282458916,0.15128745950368713,0.13729263542277348,0.21829930633286346,0.11709800936111439,0.13230105511269205,0.21854465937858666,0.17974403825492188,0.15571658341268488,0.08631835429213706,0.25363540204939455,0.20905166009899823,0.11662144260398226,0.15815193949285725,0.22791589278278593,0.2740933105335574,0.27219613876670656,0.29563587973613975,0.2808893830257348,0.16921273959058783,0.24350243338008343,0.29683532954869535,0.19484181800292777,0.23924980968862547,0.23597254363353604,0.14889665849419872,0.08624430785709909,0.10057439712461595,0.26488535303013916,-0.03628116177942336,-0.012356825212956005,-0.046666346165119416,-0.03825930838198182,-0.08974018471738203,-0.03900616187844446,-0.0299479405391437,-0.025635379391578405,-0.023355487920723547,-0.05496363127807885,-0.03439587322114333,-0.023692385622903274,-0.042170329520034314,-0.05525396200089965,-0.03132105807764555,-0.005715417755804025,-0.021079687025760338,-0.049142265572819754,-0.037597575294490385,-0.03216988243910867,-0.008970021458048299,-0.018850790504613343,-0.0076428144883717965,-0.01958834768818967,-0.044920787214185694,-0.0037513966772563293,-0.016615860532373215,-0.031111771697497133,-0.0076385579129065444,-0.03349383664951395,-0.03754744456284639,-0.060205003201414156,-0.004965945537079971,-0.02876439207006372,-0.039587458654859534,-0.013011502506829265,-0.04032061189008525,-0.037814792808626665,-0.074630162207025,-0.01685625072095114,-0.02121303027184849,-0.004844604942178838,-0.024320735585134003,-0.039125462108606616,-0.022470936581554204,-0.02035039898548289,-0.04091321804514153,-0.06428434531712114,-0.04630322894227105,-0.008575156490373761,-0.027050662988822825,-0.0408070012996417,-0.03031705337518358,-0.026470085939788616,-0.007651408550037338,-0.019067153368773935,-0.017121609897284933,-0.01806481863077531,-0.03916256754589268,-0.016195490111985178,-0.016286767791329308,-0.03085738330577495,-0.028689079410501177,-0.02578428620136185,-0.03653472462951613,-0.07844499016246516,-0.033268923915442415,-0.008180969775614416
16,2,10.0,7.23,26,1,0.1373849569782526,0.2540861468456933,0.32541166386513115,0.22245904374978345,0.4143078105739485,0.10061495452385329,0.31512667435401875,0.2843718250856487,0.16043441901490413,0.3509674579342761,0.24365169521023858,0.21103625193307837,0.29725056607705463,0.0954851080988838,0.3364043185947986,0.2936401799814657,0.29196625069356613,0.37118219063751734,0.13875850421107225,0.21375996220182733,0.378349158883636,0.3538723060986972,0.2916245334499974,0.36747197042064134,0.3651342110935695,0.011464023475844631,0.2616865493289683,0.3150871420669487,0.4069792700486918,0.3019094997248946,0.3554460499229793,0.13295171550828053,0.11934679138407835,0.27313111842903076,0.33327311236380963,0.37053623166357547,0.30073487983944364,0.23471371144265488,0.3471131963309376,0.11078364045882391,0.308799237345205,0.3060591877864231,0.18399261690712815,0.36814882212943517,0.2839828373415943,0.16120294205793653,0.28581016213254995,0.13879711950100226,0.4087382071085753,0.2366568422846277,0.25690229247273405,0.2536086987578281,0.1964423359469852,0.30333490239730854,0.3724458228900017,0.35598853883431064,0.3084591480710776,0.39178404053835036,0.41433581576384343,0.04603379747382413,0.2924832963818591,0.36844052090373564,0.400752650439107,0.28477940794347784,0.35412602514961894,0.14549808133368047,0.15340426466545043,0.21531354251174314,0.3178859473192118,-0.00863507557070596,-0.007624701539336189,-0.013408340434424126,-0.014858580816309154,-0.12759587323328997,-0.0051209975973047625,-0.01790824569521642,-0.019658190321437854,-0.019172633014586122,-0.018129394923445504,-0.004835322599635653,-0.007803844168673156,-0.03938360851579852,-0.0021639252641009283,-0.007402720618898111,-0.006961282260525803,-0.01650050281970637,-0.02153595488342195,-0.020144329911178347,-0.004247517981868728,-0.026892233689869635,-0.004348090042980232,-0.020104273069454878,-0.021778878814051605,-0.13784613906477514,-0.00643569054988675,-0.023254559564286285,-0.011377823625800004,-0.009965871055937426,-0.0186363492103457,-0.059613643368075314,-0.04504190479377452,-0.012287469974322144,-0.019807408669574467,-0.01167087767937849,-0.009619520726514943,-0.01483603766562341,-0.01802584958649875,-0.09838844397703245,-0.007429165265115939,-0.0214647969935634,-0.020080818523451022,-0.011760704732735874,-0.019063727659241726,-0.05817058839829674,-0.00889647603672755,-0.016712513741304162,-0.006276319269736495,-0.007287537641377332,-0.03465192439753191,-0.01958671706051309,-0.019766208517811294,-0.02241164748152401,-0.008784149793192279,-0.02780585574040099,-0.005995923165166199,-0.011826552336981565,-0.017605976598879733,-0.040863007389404536,-0.018080277047979793,-0.015201767221484629,-0.013419831612793365,-0.02047361008782276,-0.017537659563970156,-0.055935815030961504,-0.007129114015294574,-0.027317108580313196,-0.012468190112636543
17,2,0.47,0.0,27,1,0.1412973913829225,0.20733730397408429,0.22408529041914438,0.2361889458776371,0.27797459106560035,0.22632795056754482,0.30576115411839466,0.27592434713887215,0.17304369499760694,0.2418874877094169,0.2846519659706848,0.24011509571694734,0.27069923594522177,0.17559371704354873,0.2822964022546948,0.22006278833722337,0.34027443293168996,0.216099980816038,0.22636636812430305,0.1720197963724112,0.2923339497992225,0.3435100106807871,0.28575612014133445,0.3723075130600779,0.2820362088367403,0.1243178274113036,0.2281374676943071,0.18271870730266648,0.24923354319956698,0.2976278078930241,0.28546262106495107,0.13644896803298584,0.2687221305741874,0.3073257321982191,0.3242714553521965,0.2903260287288371,0.21828785646988397,0.15675126500410244,0.29998166558317846,0.24843990841425972,0.333464743499522,0.2637927675842769,0.2897697975374217,0.30926686664359776,0.2442657027323873,0.24625776996848317,0.36910524775942766,0.1732026059268958,0.35378134074927814,0.2861974108632184,0.34712621409790567,0.19967914698798264,0.24756200203554543,0.2148760534193983,0.31724053404992125,0.36325146862387586,0.24237298277182828,0.35294381393566615,0.33959038384038726,0.17689822881684492,0.27918509445003875,0.2557064305900243,0.2736623788819501,0.32280746681167194,0.32074638475430023,0.13950560015007799,0.2472115226518049,0.19563048829878626,0.2968257457448263,-0.03621501713619565,-0.019252007352105194,-0.003945331160800998,-0.017225746007315117,-0.0080028382890251,-0.011579864809364068,-0.0009276144850540046,-0.01378035180338123,-0.005396826492635001,-0.027199653299841652,-0.014845225356405497,-0.015519968722908624,-0.01639627986300558,-0.00961963876921285,-0.0003691551254167955,0.0,-0.02478119919156869,-0.009672815279171739,-0.0117243593987847,-0.005950883134686646,-0.0034866566898279355,-0.003996807745173575,0.0,-0.005187811657249336,-0.03449936779514469,-0.02293607303696471,-0.021541662957376938,-0.014877690270716412,-0.015801242006399867,-0.008414871362532952,-0.038303100176967926,-0.001698346961827264,0.0,-0.003573717316137142,-0.014790705032292208,-0.032552788448022264,-0.0052152578921189335,-0.0117771733145238,-0.005671127085970525,-0.011115849023307126,-0.0001864561775505627,-0.0045816600632552495,-0.0010780293801563685,-0.023979292683692137,-0.008299037496505512,-0.00863819458364129,-0.011212389858682795,-0.0028283669188251493,-0.00010228207295491791,0.0,-0.01745214897063681,-0.00858159681151215,-0.018571970986565392,-0.005563735226573647,-0.0001380763737792985,-0.02750940735528457,-0.0018393713337635207,-0.001671318526759464,-0.025602802558715717,-0.004095906741513396,-0.01951878984394484,-0.01276357836320848,-0.004269860237256563,-0.0072529743520586935,-0.031149434026257125,-0.011627967867928357,-0.02542282360660704,-0.008186120830660452
18,1,4.6,1.2,27,1,0.4562411861052114,0.4633887994698508,0.7676559652125713,0.6466384843855449,0.5123510048605283,0.31585106372092264,0.48982624638969846,0.5454737387299996,0.24429376288249008,0.6586533783866483,0.39262187694184775,0.6154184233677104,0.5947770039685707,0.5202043385583849,0.5846337732270325,0.5573838034348048,0.47677206947698736,0.6830904702282775,0.21330506747485437,0.5953878265992869,0.3552672102203308,0.591702138930653,0.7509223417205895,0.7170048566012298,0.686004907193493,0.42669881981891056,0.7393099065902664,0.6876886860846094,0.6617646028072561,0.7400811155134506,0.7011616678899671,0.33105394499463225,0.38178150781996223,0.7100009467524914,0.769173500976279,0.7162116657827087,0.6441296284018102,0.5283814314727922,0.549615516440983,0.3695067998237634,0.4591300649590278,0.7310166252692311,0.0827017202902033,0.7004526479970057,0.3912329921808844,0.5618339083679446,0.5745092341727506,0.5085547580934999,0.5274562871089926,0.64265984804018,0.5341235567734337,0.49183098485052185,0.4377208097331627,0.5622977742746256,0.4313368347351277,0.5931045359976217,0.6869086510388845,0.729991921794424,0.720500182711306,0.486169756680241,0.6386692918565842,0.716853024076047,0.7029617546346987,0.7688721164035976,0.6474146294019542,0.25410235964849615,0.24031197772378157,0.7166276688648304,0.7389743506527059,-0.0005612116069325701,-0.0015632334740221313,0.0,-0.004936610429617037,-0.00035081497971964923,-0.001943388936875485,-0.009934689613178393,-0.010146893255100984,0.0,-0.010756557030727242,0.0,-0.0027701734828296624,-0.0011240359180572956,0.0,0.0,-0.0034413899697817284,-0.004864003082729105,-0.009194486472941283,-0.004958378754552915,-0.007400430584856623,-0.0002616871881915597,-0.002323811169394134,0.0,-0.003840881943210536,-0.0016512407350309478,-0.0009586930303532045,-0.002658729844236906,-0.002633159155753979,-0.0007716089992330313,-0.004193918358771267,-6.291610087138806e-06,-0.0015799465518645506,-0.0023456066101167658,-0.0014393896218821629,-0.002922990849946694,-0.0017950231539062447,-0.003816833775800363,-0.006075344287378584,0.0,-0.0003074598824790135,-0.0032703407824541627,-0.09443195621927682,-7.016935087640299e-05,0.0,0.0,0.0,0.0,0.0,0.0,0.0,-0.008602895369790633,-0.002136183913568894,-0.006911677233671758,-0.0014613567593560507,0.0,0.0,-0.0008996172082956716,-0.0018778410262113954,-0.0002300659892649,0.0,-3.4326879022686565e-05,-0.0036835155640251283,0.0,0.0,-0.0016719524322088494,-0.009727442401812336,0.0,-0.003223591249843588
19,1,0.8,0.0,34,1,0.1758593224426867,0.2924851702290995,0.269713595678534,0.3052438635801005,0.18626135216452375,0.20562101589856102,0.35734117123218545,0.2192530056222989,0.31775957666751836,0.211122540731355,0.22624056388020639,0.3617960885026625,0.2431596896935097,0.3203965586154423,0.32498528616151096,0.22226322950717126,0.22833550723009338,0.28368271176549004,0.2615035215751498,0.31202735880018095,0.25376071181427756,0.2405727671898707,0.2514403217948917,0.27564645378305325,0.2807638861785292,0.2650869286106089,0.33802119030159783,0.26960620212860087,0.2310121809216908,0.2812620086688653,0.34114304881904206,0.10641492421694296,0.31284103351425,0.27928241958657374,0.3881803612995033,0.2509253468043963,0.23957761743453548,0.26644859754176514,0.21361080318045153,0.21949147728857446,0.3253388784923542,0.2332076398012448,0.25722222885154106,0.2304311090775135,0.1786117799791255,0.3617896473451662,0.28117594374713245,0.3329805496639004,0.27988580659529394,0.28833812681991394,0.22737230083264345,0.2685624375303188,0.26120662837638486,0.35406537532025045,0.2397651940374551,0.21535953115684356,0.3656152449078491,0.3036521500706052,0.31572681973442374,0.2650796012289917,0.2745311685311021,0.3022956065467633,0.24839302482403444,0.28843790519283213,0.36043762004021374,0.1903409634860081,0.17858136390433565,0.30216468353053494,0.32082827822552296,-0.004578896438712243,-0.002512825516977188,-0.015256537595520342,-0.07035174837837344,-0.004774028524328105,-0.002297613383399155,-0.008559142702197257,-0.00018806471020417612,-0.007147151492894497,-0.01608854095801102,-0.0009230006522018448,-0.056173473606708296,0.0,-0.005765745835858367,-0.0010421241712507687,-0.04148800342846137,-0.04377977999900714,-0.021248611434421603,-0.02362846874977744,-0.040303405540680626,-0.058438203623247906,-0.004155530655618305,-0.008858215632103565,-0.002884373667759649,-0.020165035442565867,-0.036087518184716325,-0.03809740905727289,-0.028600789641460466,-0.00543468678603137,-0.004071523439057476,-0.049630290388650064,-0.0005581652903739074,-0.0037430285098088087,-0.0007683065802340404,-0.0019392507803061747,-0.026848882790586868,-0.03591861518358828,-0.06488484487861668,0.0,-0.009043863345104286,-0.020251646698248253,-0.004542178245662491,-0.005003822956722783,-0.03348656855914634,-0.0038355124126093253,-0.03557488856506439,-0.0001733592158860194,-0.013419304079472368,-0.0019167291473057167,-0.03829956565757184,-0.02235380013622565,-0.01932327498646313,-0.017591471208060254,-0.012823951998264948,-0.062377006386568956,0.0,-0.001764650962878073,-0.003034160956027985,-0.02092409618882682,-0.04704455164931428,-0.050830563342266245,-0.027619573131073372,-0.004791419762152968,-0.0021235305929481136,-0.01088464498960621,-0.004516761935651192,-0.0003247032567379179,-0.001998684971528348
20,2,10.0,0.0,34,1,0.2491499202501419,0.24145382171674268,0.29671520778874944,0.17699840183544563,0.21494648166657027,0.20392573568237002,0.2135713694007153,0.20088178408774598,0.24339299930574515,0.19926777116490982,0.13172343362851996,0.3006272870802946,0.2110606252614683,0.29211960305618806,0.23248417576810046,0.24157777680712814,0.24228035004525564,0.2913062870564473,0.22566867721054099,0.289781676691016,0.18480168338601988,0.28245371720868084,0.21736937772450587,0.32834230632607747,0.24828395606905526,0.2723642512440148,0.28409781179817567,0.3314810448029758,0.20210200449117638,0.3107301388236256,0.2815967776055868,0.1404704759891812,0.2642241132692875,0.2672414266608311,0.3194431076957934,0.2516747616936469,0.29030432524721184,0.1984698745363849,0.21638782801933754,0.13235351748602744,0.15015013610106562,0.13525271990609194,0.2973473847162938,0.203986822895755,0.10683821500231112,0.27708119772294787,0.19081704407260852,0.3003698696652012,0.308602040653733,0.23828986681796227,0.21696404725549864,0.2006861569169886,0.2663178492762729,0.22117308137530453,0.17100626530128296,0.2515557353996423,0.24908476731757517,0.29655782647473594,0.23030406007757895,0.2846031880355384,0.22073592568363334,0.32575640043009935,0.17302402591389954,0.290884052720959,0.22820308302637238,0.1426236572183456,0.15900665124586622,0.18079116111787358,0.304319091536732,-0.017931334320080438,-0.0033976127549230164,-0.031169462318034195,-0.018802560706185304,-0.003877025457277864,-0.0065655880136568714,-0.012346697045088622,-0.0033356243380000287,-0.004637463961074589,-0.035312408139040526,-0.032655354634925096,-0.03395303572051854,-0.010222965558151042,-0.01728690580076466,-0.00231296153751777,-0.003867463431039319,-0.00525154321696941,-0.036475952692833755,-0.008736030163655777,-0.030918361633417393,-0.008105100026020566,-0.0018083466589772883,-0.0036692861658139237,-0.00255910855902366,-0.009962419526661532,0.0,-0.026163192579573696,-0.07638259032370308,-0.014768700118698809,-0.011798048868179492,-0.042386252665146916,-0.021764655884275463,-0.007084728047205669,-0.002963350889731479,-0.022774559062718778,-0.007875779380673123,-0.007452924853708901,-0.022068215266578445,-0.030622194842097775,-0.013014732803905657,-0.06392657226985629,-0.001838548757873312,-0.005292892775679892,-0.03926785592291384,-0.028002679025121647,-0.06593561490877704,-0.02335318372444367,-0.021943451279932722,-0.0005617994233326313,-0.0070715051904876635,-0.013140332651182765,-0.02994135746788302,-0.001368607274453388,-0.05813097424955886,-0.006539684787362097,-0.003101363647136321,-0.0016765684799608719,-0.0026032438966776565,-0.018312805693274946,-0.0014100894187575419,-0.033912133940634845,-0.08871030895796442,-0.022195434713657015,-0.01433626617042018,-0.04236317496425513,-0.025704028030736608,-0.015106132334489951,-0.0011182290883145598
21,2,1.0,0.0,32,1,0.193519393838403,0.3128797880129843,0.2884977766502847,0.199428138093648,0.3640861632340269,0.1373835633204962,0.2835582732936152,0.24228141056224853,0.19243342694621063,0.3565480059075369,0.25953128546250703,0.20439100074653374,0.32043183724094737,0.13789119445946504,0.24997052012920631,0.17470448495493243,0.2927107998284281,0.27122015976544356,0.11762723447909723,0.21244485615669081,0.3340044250683838,0.381515476455371,0.33904032264972844,0.33903230520455585,0.4038221636233777,0.17917562582990226,0.18368160544234016,0.2392987951629863,0.3434094674708148,0.28742706390567646,0.22633533185377772,0.19873872623350772,0.06582209765187427,0.34998143028665574,0.32162584328218,0.24717261811989796,0.25834707019571945,0.24372370642158686,0.34980131962663974,0.1879150456919233,0.2715876552622161,0.20515279255146426,0.26080204493629017,0.3472601968117005,0.24747339220667133,0.15692113851175343,0.36218164646190854,0.1369555997757213,0.34575862324183027,0.1880666153307755,0.26691903365367664,0.2674928247496846,0.1512435292078711,0.2535500967346936,0.3523925762400682,0.33275451053227534,0.3111939118778346,0.28494725203918553,0.3822253471917478,0.1707545067652554,0.19069333546592226,0.3062179135278829,0.28810921211410717,0.37712128468835154,0.33054115620020474,0.08872333905763347,0.10100303550495367,0.2784754086754878,0.3142672335347673,-0.003147899481679876,-0.0006365613728963044,-0.012316805481449474,-0.02613872737780094,-0.015680126243053802,-0.016966315930665592,-0.011729370369107598,-0.006953836137423295,-0.00041481984278069406,-0.02225687311535381,-0.009114755093460861,-0.014471448264495245,-0.06700794464353732,-0.002242732929772488,-0.017583252237382184,-0.023412720809842327,-0.012948938220568158,-0.09612725708417973,-0.0206803713429154,-0.022838480639357044,-0.018725181834813608,-0.0008346473196902075,-0.00781322846210327,-0.011605563101001007,-0.022132537935824648,-0.04596136094070784,-0.007275226016697727,-0.03819966930848293,-0.005757783230924391,-0.025684753879188123,-0.017821839435947038,-0.028489898300555268,-0.004518721794969528,-0.007441910567807017,-0.010256451428963467,-0.013909662629632925,-0.011365641955066421,-0.025974285663047433,-0.008979926400007951,-0.015032865546628818,-0.032442631138822724,-0.024548382941753228,-0.0006439339027224626,-0.018940916022668345,-0.03191865017703862,-0.02208053814158981,-0.0578379462031116,-0.0006564157667169194,-0.0004962017406758597,-0.02968305774303561,-0.017105969247522505,-0.04956253416405673,-0.009955547903204038,-0.020521468015391293,-0.022836385968593022,-0.0026097049148597284,-0.010794665994451016,-0.003360547453751973,-0.019206495780612707,-0.06198249292058545,-0.005260007278265032,-0.01645907757523364,-0.0017784127451965434,-0.014707324615425132,-0.05445319699822698,-0.002863978531155364,-0.026831886472079066,-0.014723054942266741
22,1,0.2,0.0,19,1,0.171464112601824,0.5300747921457571,0.3738023065770645,0.5243847332191947,0.31207524591542757,0.16106961343732512,0.4798169389335245,0.45943577702991645,0.41004098420166424,0.42869453459135926,0.4529958611849142,0.29336738129709605,0.38146057312783377,0.25703787880982204,0.44598459986546574,0.34590153927112566,0.4838818299396923,0.398133633449422,0.28339059453226945,0.28076046963164636,0.3860539574841454,0.5171599743449873,0.5254072202116772,0.5665717063118906,0.4545026586968414,0.34386862221663794,0.4194366938857908,0.43747271491156364,0.4619522007381773,0.46134717653764257,0.5284360163308089,0.09152016903528674,0.13024502272538954,0.3218397034490024,0.5071558759537879,0.40688998313212615,0.3432539237374253,0.27868258811859203,0.410652247863158,0.1289892537136892,0.4785647163478675,0.5018144157673992,0.4017929878936643,0.4307936384253014,0.39315286431987195,0.2930672163725533,0.3857260509131045,0.22734761097092582,0.42554212019384935,0.42274954152076266,0.5189584553885415,0.24318177415181877,0.23958115171285238,0.2550610981919312,0.39073894556854627,0.4894150730227797,0.5359712693692169,0.5128908121337942,0.4549725698971385,0.318870418158274,0.30690563293733336,0.46152293460909616,0.4933245000664265,0.38925255911468803,0.46225245485168637,0.10960817193697632,0.15279255681517612,0.30663780363375354,0.40496064536750725,-0.0031401366194589316,-0.00033134933467273136,0.0,-0.0012706075377484118,-0.013271111727451228,-0.004353571375183919,-0.0006066101042886971,0.0,-0.0007962580969580732,-0.0025815936858836525,-0.005293459344797344,-0.005914731321606435,-0.003735320721938307,0.0,-0.0007225333730153224,0.0,-0.006759726765310031,0.0,-0.023414259991961138,-0.0038675535179677934,-0.001753870577875763,-0.000383369637155703,-0.0017303596476086433,-0.002118968917526002,0.0,-0.003059287742822555,-0.006705252385481857,-0.011139630837075412,-0.0007194111897821956,-0.007296036082805017,-0.036392633224533226,-0.048847905499668255,-0.006282595954251559,0.0,-0.00032279808190410894,-0.010017630168403025,-0.009845703146591066,-0.004176932016383445,-0.00537564968718217,-0.0009861407321685163,-5.231924526199851e-05,0.0,0.0,-0.005561925350976206,0.0,-0.00803065449270554,-0.016749394324335944,-0.000389316818169,-8.10949549360194e-05,0.0,-0.028983315124962786,-0.008420383883368847,-0.020172151818380682,-0.0036873938746444564,-0.00023778853652065669,-0.0022421637794124466,-0.0003539990516693702,0.0,-0.001229908047694309,-0.007504637261823388,-0.0003133378330543866,-0.008831770334092045,-0.0022601537941209847,-0.0017915718139047774,-0.04082559934323351,-0.036529880253024914,-0.003727482064115057,-0.001237333011568303
23,2,0.0,0.0,42,2,0.0960422252456283,0.35735760054555615,0.512798662935636,0.41557710592652536,0.4601566874894633,0.38977123229632715,0.5398970921741544,0.4265322986760487,0.5409084521435459,0.43137981449501117,0.4371885379144954,0.5821953142251131,0.515842114818125,0.42743063758437566,0.547419078922335,0.2974127985939201,0.4982825297016184,0.4667514272271416,0.4291774224802299,0.3485994319604252,0.4188187693725875,0.5925585296499939,0.3749526072570877,0.6163870034152866,0.48215493632023815,0.5219317868880485,0.5617066073927564,0.5323181297962094,0.5768661319748749,0.4616212720714274,0.5566174513565865,0.2161229591582782,0.482946225850879,0.492513064838284,0.5445850901724105,0.4377603032485408,0.4736887000597543,0.4615434462539377,0.4595436777962577,0.3377366544055163,0.5223175292495356,0.5655441796742242,0.5293564804375301,0.46489292120779885,0.44102601973162325,0.5270065909608829,0.5096613677524607,0.5176006059398979,0.5793712332249306,0.34246005519333117,0.5651739518853123,0.4225049806129187,0.32119892970613645,0.48344565734778006,0.4250122232424043,0.5260895494860501,0.37778434649882026,0.5865619062861522,0.3858086514286503,0.46568772478111414,0.3922910510882056,0.5566459887991685,0.5019818796641027,0.48136143222547423,0.48343934775475317,0.06020167495609282,0.5126864718818296,0.4562489209476756,0.530832221071504,0.0,0.0,0.0,0.0,-0.0014818563755017045,-0.0014027415661867074,0.0,0.0,0.0,0.0,-0.002320572104104794,0.0,-0.004799477003923101,0.0,-0.00011892228792568359,-0.00040911882205905373,-0.004535912446119995,0.0,-0.0009480051243150134,0.0,-0.0005918704300533731,-0.0011415306010806939,-0.0013016710706900865,0.0,-0.0030557126635927384,-0.002338415524621367,0.0,-0.0013916451151055088,-0.00045247877495175525,-0.0001483693948153567,0.0,-0.002310278923083782,-0.0017939425837237895,-0.003031162926382046,0.0,0.0,-0.0007380268101105582,0.0,-0.001605103396342312,-0.0016636427715406657,0.0,0.0,0.0,-0.0008865626246486627,-0.0006322314642071582,0.0,-0.0010671562352161969,0.0,-0.00027289075249229555,0.0,-0.004036586066193101,-7.793959042872537e-05,-0.0014422156206911957,0.0,0.0,-0.0014906127961760805,-0.0018504949541876298,0.0,-0.0020651829291327985,-0.0022308403301854658,-0.0017538495592813118,-0.0012142104522291925,0.0,-0.0013503222381807238,-0.05743779158568885,0.0,-0.0005627643738661672,-0.0012204762696712567
24,2,0.0,0.2,47,1,0.090527391419808,0.42482223097555655,0.4443932372943498,0.4300043388696573,0.42323630619737607,0.28747172988998076,0.5379458974818834,0.47267220683086636,0.4951224109743799,0.516461997914093,0.43987814480930726,0.41092821670689217,0.557478421708485,0.38792420826317026,0.5432641310847605,0.34764291789965696,0.4233823426363911,0.4191621456210382,0.40918998781603566,0.3424989141874428,0.37450693745409597,0.4623553115194715,0.4863633077206902,0.5012755564483368,0.547276888208144,0.3794486405263907,0.5311796731120615,0.47989458878114205,0.5278944708558957,0.502479558953902,0.48947614699857117,0.3771855361085067,0.43195114038429716,0.37688592378437047,0.5675488799635691,0.475025519747575,0.49345034657286774,0.3618630601687933,0.42398234132675144,0.3098579452561025,0.551087948702073,0.5001015193552834,0.396805094681822,0.5493349643568869,0.4189491353583525,0.4413487891128696,0.4473050646088351,0.4331244175625461,0.5518427378485226,0.2821046610308909,0.4578950351987606,0.35426539151395586,0.42564575028806634,0.4876365183930341,0.41977404707905297,0.46739644810160985,0.530047437568241,0.48306941081117116,0.5277957533184322,0.3635545769999312,0.4728830877856226,0.5697437174506391,0.5016739728995423,0.5048518497704851,0.48853301217492806,0.42824841538971953,0.3238455799050067,0.36197371800039996,0.5681980381815722,0.0,0.0,0.0,0.0,0.0,0.0,0.0,0.0,0.0,0.0,0.0,0.0,0.0,0.0,0.0,0.0,0.0,0.0,0.0,0.0,0.0,0.0,0.0,0.0,0.0,0.0,0.0,0.0,0.0,0.0,0.0,0.0,0.0,0.0,0.0,0.0,0.0,0.0,0.0,0.0,0.0,0.0,0.0,0.0,0.0,0.0,0.0,0.0,0.0,0.0,0.0,0.0,0.0,0.0,0.0,0.0,0.0,0.0,0.0,0.0,0.0,0.0,0.0,0.0,0.0,0.0,0.0,0.0
25,2,5.0,1.5,36,1,0.5150536182902057,0.5302760963164926,0.40718866904347284,0.48900419088640523,0.42225229058701863,0.37434098039225744,0.5894042114118427,0.503862205772706,0.5832271339439727,0.5556640627730317,0.4496982539548203,0.5198355551199553,0.5145220119276945,0.3922820118218298,0.5890698364008566,0.5876830973038013,0.6081736296752488,0.5740471472697792,0.38520244803365694,0.4859943490333722,0.37478647771874013,0.5285507326969691,0.6158798229100559,0.6135011872637899,0.5294652460681735,0.28064990359259473,0.5050198691246507,0.5076964706915555,0.505949664821658,0.6345359380193384,0.6608978147095139,0.23369655427048044,0.26122536313198974,0.5041800735346764,0.6377145316157016,0.42008402199619066,0.5108395933594579,0.4505032599079422,0.49130627429853396,0.2888281459563709,0.5906614160711267,0.538706970729629,0.3827647514216676,0.5487599260307016,0.49684678741149385,0.47727443908143846,0.4807616270621574,0.37905222157522633,0.4892802602342396,0.5600357188176359,0.49448102094829555,0.3590012238198409,0.41264624100729025,0.4257471893046935,0.47822301717894744,0.5133517096891427,0.6304234622481167,0.5378260900494247,0.5942086755925952,0.2745996443022784,0.4719922030734204,0.4492054358148278,0.47982149912642025,0.6032907239040178,0.5589990542122747,0.2385447384487877,0.29401217548610453,0.44254873466143785,0.6157670209902867,0.0,-0.0008236988180800075,0.0,-0.00907520930967245,-0.0011508123891524685,0.0,-0.0001846450693762209,0.0,0.0,-0.0011356800100993957,0.0,-0.0023815778951742144,-0.001225612452343094,0.0,0.0,0.0,0.0,0.0,-0.0005242958357794209,-0.0037021259142930043,0.0,0.0,0.0,-0.0017099888783227895,-0.016251499222796006,0.0,-0.0006591429580218851,-0.0034866062697789966,0.0,0.0,-0.003652774715016573,-0.004734182726857681,0.0,0.0,0.0,0.0,-0.0008981226369656388,-0.004356273317021453,-0.004220274374671424,0.0,0.0,0.0,0.0,-1.7535245432386566e-05,0.0,-0.004195291036691439,-0.0030436386559180495,0.0,0.0,0.0,-0.005233198433585803,0.0,0.0,-0.003277393408949791,0.0,0.0,0.0,0.0,-0.01178109880488672,0.0,-0.004726413667898277,-0.0007602431276423567,0.0,0.0,-0.0011762666258995328,-0.002118174641207069,-0.0027543132022521807,0.0
26,2,5.0,2.5,36,2,0.072343363814159,0.20492135186623145,0.22628083452826261,0.16479700667265312,0.2553439721424334,0.07053592567118143,0.18566162290525143,0.14618080984647414,0.11470880980157554,0.15505878567621892,0.16648777853403343,0.18073988124922394,0.2049596220340403,0.13818030110662274,0.15725331608761456,0.08016101219822917,0.21952553862625457,0.19807870966662428,0.11706105549216403,0.13454051716054335,0.2139269017369593,0.2673751752930286,0.1746217425471389,0.2869437607699787,0.17029723379746842,0.23354438548152398,0.19836958478324793,0.20092131337780608,0.1494933886888769,0.21539587388475923,0.19815881722731057,0.2162107517637716,0.09414917791963436,0.1797182709990462,0.24312753210532617,0.20002005986865498,0.2052919511625261,0.1351032379032642,0.2432484280535638,0.05795140362760959,0.1533908713786942,0.13996502218069345,0.1242096113804564,0.15119690893890783,0.12948673818191508,0.1752635392627832,0.20966085370719018,0.1640919395962186,0.1742973117430431,0.08475758367522598,0.22684470254017838,0.17229699251156383,0.12525251101134913,0.13477234542094296,0.19236909422878254,0.2716647779933097,0.19466020140996673,0.2997559947916761,0.1701327274056536,0.21858514763795303,0.1913215941643352,0.22854649889019266,0.17651921271564958,0.23182023374665245,0.23047131325648648,0.21788398912892595,0.1311657035783492,0.2025107376612817,0.2754338089548728,-0.013875137123093243,-0.028714102405993414,-0.046946697369758726,-0.03732832620527752,-0.05353460307298453,-0.045941744703717896,-0.14024135760795053,-0.056496937232549164,-0.10358889877972977,-0.06693321940858377,-0.0055118616122449135,-0.025090167600059447,-0.01180209620605762,-0.05566817693131923,-0.055251678706712964,-0.029862831580077874,-0.042815071735527024,-0.07817521181123863,-0.03242777637453098,-0.032824223609300596,-0.04367564658443002,-0.028850217974881534,-0.0478761455995126,-0.09420453469282275,-0.008984455487090415,-0.03952368040936037,-0.01710298487159355,-0.07500745818409528,-0.03004814341693801,-0.034630351733708487,-0.002980045482390676,-0.048135563548635595,-0.060854937382659166,-0.05399768749564387,-0.056137499708753466,-0.016981696251118075,-0.046379439722880736,-0.040398858448556424,-0.07491106144402165,-0.052192584372116727,-0.12298794594790309,-0.046879255956416094,-0.10183867943690929,-0.06415173049737295,-0.019102146321703435,-0.020216002665594122,-0.011152103286965982,-0.02714350138661812,-0.03951715362909425,-0.03084734123981653,-0.07039177249109783,-0.0844683076630277,-0.058409290485831704,-0.03624666314547603,-0.04325150936528795,-0.02626821274869557,-0.07229086535646181,-0.0715885004731208,-0.00940103088732002,-0.01781672895533133,-0.014349741154085969,-0.07547538383424382,-0.04465514511745927,-0.08523541342708482,-0.00505587691557468,-0.004242932757695478,-0.04361421628437257,-0.048321427415361884
27,1,10.0,5.15,32,1,0.1417383108514758,0.255098055475809,0.4400129399417156,0.4322644553928416,0.3724912178271833,0.21568333106702167,0.33942194159188166,0.3981850493565168,0.2906664564848609,0.3864520765765385,0.23256136263138477,0.3108216786000894,0.461857163249393,0.3861423138455621,0.43498230126854875,0.4142498654044758,0.3906968441407558,0.4519740407436352,0.33136061338177164,0.4473126630585188,0.2981374296508968,0.4386488004135595,0.4875126871311733,0.5248658769687015,0.5187819460243878,0.33904034137529293,0.4092119028990727,0.4983417776758895,0.38405463850447313,0.43533233050104914,0.5445590012815468,0.08443839370285997,0.23029663147552673,0.4124752523761778,0.5291134322137623,0.346714010482955,0.17415439570150834,0.3923810653646669,0.37847375279262285,0.21390686140258833,0.3748458373855391,0.37769499927941624,0.3321886939100967,0.4179082571798028,0.2772756066551112,0.31962863681169285,0.5151441476958272,0.3887414418817496,0.42043688234514787,0.43734618342250303,0.387590509587118,0.4519662665621965,0.21769829306091207,0.4080934757274416,0.21449064168585125,0.4215762469928567,0.510556587755603,0.4866211096742405,0.5120801296854935,0.2710843481150851,0.32317844115303096,0.5122922588067985,0.33538741461584526,0.5048613585700776,0.4703717713394604,0.06314891297664263,0.34718099518645806,0.41741069093209027,0.49578156845318955,-0.017737195982500984,-0.00510620522456223,0.0,-0.005602887055239078,-0.00385583447098023,-0.0007448565289980178,-0.0006865264911192045,-0.004263604093230011,0.0,-0.017300736202755927,-0.0003210864031342627,-0.0023242327454112447,-0.0021133509432231866,-0.0007647190645147224,0.0,-0.0044475113846354965,-0.008276094224845406,-0.000850909621241182,-0.0031625824545857464,-0.002171562494639057,-0.013284804401334342,0.0,-0.007471216132127131,-0.0020543776729772855,-0.004729469070314794,0.0,-0.0019223682587454465,-0.012124943008341299,-0.008093692981853978,-0.006898128596675491,-0.05784218580338625,-0.006716172716311965,-0.001189076788583191,-0.006409651770264268,-0.0036403273872812805,-0.006058410980193901,-0.000781555504731918,-0.005378272399804912,-0.002219402358400067,-9.87599634592388e-05,-0.0012575358832432998,0.0,0.0,-0.006809156336804515,-4.1904590867856715e-05,-0.002530171084134303,-0.0026080016423812315,-0.0015859142965001433,-0.00023785028847031793,-0.006479607845866888,-0.004689467223152485,-0.014621408028797167,-0.0015332803561814957,-0.02503747957359645,-0.01622225637555837,0.0,-0.010239739400726255,0.0,-0.00898064498618705,-0.0015298490574775822,-0.001558176013711921,-0.014472400248264407,-0.0066666687186094295,-0.007211391902159295,-0.09956738631087603,-0.011773435062437684,-0.0027448058281806776,-0.007142605860405652
30,1,9.05,5.0,43,1,0.2108298013973365,0.442797437653623,0.5058656513123271,0.4315851751313387,0.5326659616002276,0.21469490180450096,0.4932161008143988,0.42740485442113857,0.349958890386256,0.4855076747898281,0.4257451061741815,0.3056006919067421,0.4744675463428937,0.10686777371532914,0.5340743685841327,0.3688332147210323,0.45946608437967995,0.5832092361367048,0.2567184684255678,0.4426573917875749,0.4445813674647345,0.5351753525037303,0.502567270855957,0.6001849514061066,0.589927278289197,0.1342434841539868,0.4103907833221663,0.5136925826122452,0.5669536772728345,0.5961188818294775,0.6504270136959456,0.21174432257739326,0.12231316121401074,0.5411940635863487,0.662111020502705,0.49120041315042795,0.4917806994268622,0.42841855127712375,0.5177240988124239,0.16009797869246967,0.3567704731969525,0.4996140535651207,0.2796698606624868,0.4518956190275023,0.467453613859628,0.16178460389046992,0.5329441711136322,0.1289886309618838,0.5055360915699803,0.3979477417299226,0.4332513877649649,0.4772334118990396,0.19312718066135484,0.4967080451004488,0.44338497213518707,0.4920987071861557,0.580850881941039,0.48220718675798874,0.608935403655729,0.14054755593371923,0.3832091584425682,0.5361253969283913,0.47394480310988396,0.5429015186663366,0.5451662812503122,0.18295507605749226,0.0585978724621471,0.38112690010566386,0.587084994401259,-0.00794672438891033,-0.003942314861262715,-0.00103024595822433,-0.0019350979316577345,-0.01638584749446748,-0.01608624906726375,-0.008637425211760969,-0.01065344153147289,-0.012314507358864841,-0.012365707690965145,-0.0014782512444263777,-0.013675346563297757,-0.10036160507852789,-0.0031287764306384505,-0.0048241963732545065,-0.0031483428967522585,-0.0018630509536581405,-0.005985497274730081,-0.004590950965748068,-0.004431101065867772,-0.005581631761374616,-0.004351915780380011,-0.0020165434337471883,-0.014926263261310647,-0.04619108133550762,-0.004169128285538349,-0.002529902142536261,-0.01285234567695832,-0.0015281684494323731,-0.008295871071966056,-0.00577761462116911,-0.036148521348400985,-0.004111347024994712,-0.004320530967594288,-0.005116592659766007,-0.004482520620425862,-0.0005984881806219986,-0.0017993891434324148,-0.035976014621527705,-0.0036954166211141015,-0.005097244910143161,-0.0018690664796346,-0.01659945859781167,-0.010352518157376298,-0.017171107459841968,-0.011353193003324989,-0.03737930123145311,0.0,-0.0032300096169418,-0.0016621334721724312,-0.005906592301458198,-0.014445393568632567,-0.006838739743634344,-0.004740603482492784,-0.0010506598897611046,-0.006809755160912063,-0.0009578386165028478,-0.008826693527681829,-0.04126001667959274,-0.013208141887910661,-0.0020374855310292357,-0.0026538595479767787,-0.00043250921789056863,-0.001962811129120443,-0.01514318555630963,-0.05107682162786172,-0.004815021628000486,-0.004481185335425642
31,2,0.0,0.0,32,1,0.2081033396184731,0.23138521585601401,0.3245909620736735,0.18820966060563693,0.34315567193670854,0.2858762918241882,0.27352317670723625,0.32683705461984464,0.30331057865369393,0.28361359693060517,0.23313444033464067,0.34096563909124333,0.29023093358115115,0.3401269746659025,0.30901903782162415,0.12130209610526761,0.2550094884690541,0.29606690152173487,0.323365370958743,0.2616524439966614,0.27036501468484464,0.33360359937776546,0.3828750236519679,0.31895854253966294,0.3846566882583759,0.3355114084464312,0.2715936946339841,0.30658552165133185,0.3443945138671942,0.3626323246280349,0.3821709731013451,0.2477284705152312,0.17634952326894857,0.3432388371740421,0.38859515523573784,0.1572096738166051,0.2716090405765859,0.18829547272130923,0.32207099726785987,0.24587821794272532,0.28570593132488575,0.21827755208612157,0.2883246326281255,0.3215965801767751,0.16770308032885078,0.28794657982750926,0.25367491922033136,0.3148209664474955,0.36071113597839793,0.14117401944241414,0.2520277534660386,0.17798588302552565,0.26308340934978736,0.21159009190959607,0.2421305708138309,0.31124265523464134,0.3805212856694246,0.36062308908651647,0.35740776559055915,0.3270381279751038,0.23198800998305083,0.32461633856216204,0.2274533032129381,0.35150321221458203,0.25824442655766566,0.24288819845449694,0.2619647997574284,0.23421071939806618,0.3240004157533896,-0.0033202259509201807,-0.0026870417898630376,-0.0035943468724390416,-0.0018435739424207103,0.0,-0.0011142465756780462,0.0,-0.0012587303218474493,-0.0019704654745014236,-0.006763543602064163,0.0,-0.0031278499876860825,-0.0011602926456154732,-0.0004584423462465761,-0.0200831064133674,-0.009589508846005658,-0.0023638253314216284,-9.208273733691343e-05,-0.0024599498529243253,-0.0004520368223206806,-0.012607098105450082,0.0,-0.01065380563188444,0.0,0.0,-0.0006031262361079747,-0.0007967466680888746,-0.0031298600099626283,-0.0017887338214379418,-0.00468473330881773,-0.011507724294839101,-0.001054345520814618,-0.004762443739051401,-0.0017276971583482777,-0.04659477076184345,-0.004273862224649104,-0.03133952541667255,-0.0018079885865327446,-0.001324733737321924,-0.004024375206626061,-0.006669870589478782,-0.004376155285683065,0.0,-0.030610269786061666,-0.0003686211087511448,-0.0064096993440958564,-0.00026350331167898807,0.0,-0.0035959318189372315,-0.01467671592705633,-0.02007124356194396,-0.005764343415186789,-0.016312753390928164,-0.005205054140370182,-0.017915927133152952,-0.0007432710230686029,-0.0033047515497462536,0.0,-0.0014515958799799073,-0.014608047151176192,-0.003457608976704344,-0.008873715722811516,-0.003313811286197591,-0.013236965270924958,-0.01266531902472862,-0.0008311025458412493,-0.01666901568012113,-0.007289148435339083
32,2,10.0,9.3,47,1,0.2393474378511906,0.3671475568476721,0.3795088932737365,0.3616890773679038,0.4859951508003959,0.18657643065793028,0.47674873382273814,0.5062986244642491,0.20637521260280708,0.5036712709780417,0.40104148433225034,0.45466223438697034,0.48507648215205323,0.3626769535381589,0.38224744252538334,0.23540371507106794,0.39237359434486624,0.4670920918967234,0.2483082576755208,0.4083050519976363,0.38223826989148335,0.5070791758846869,0.3674913533196475,0.5457087723441908,0.5646420780357819,0.41333280510504555,0.4459151412089062,0.4462289802386913,0.4856202800499047,0.49187520419854946,0.5523695485107845,0.18710649101244645,0.15703103390624917,0.4049420098940989,0.49134541494524797,0.41901737659288385,0.4041629013990536,0.18816661131493712,0.45942480214784487,0.09376974621323009,0.4109914574519329,0.48819266124415023,0.2956387999083356,0.4533499376212665,0.3748666807879016,0.33247509752858107,0.3812089266302148,0.319051567467189,0.4013912441797693,0.3448509775623509,0.3830304999785915,0.4031757857114502,0.2458795965577646,0.4636378822545626,0.42414989528500674,0.47275499464447696,0.41055144097397966,0.43599479412003483,0.5383911563378383,0.34273232930875014,0.38397499482922004,0.47482633596203255,0.4999252255683007,0.5367930735985733,0.5124697949306845,0.1995947034896633,0.10276957534292647,0.4505475150478547,0.41678687823015625,-0.004094533341255055,0.0,-0.003782794284610649,-0.0023390344948856076,-0.00921055890102012,-0.000646426089578903,-0.003397283113391279,-0.002528144013654279,-0.0012310350116528715,-0.0017261683792613165,0.0,-0.005389762011626565,-0.0006621876821133358,-0.0011542726040278644,-0.0022990756596610864,0.0,-0.002145650133993872,-0.003969654247902841,-0.0017862567784986776,-0.0061985094088493585,-0.00019523157565741342,0.0,0.0,-0.0035311802051947953,0.0,-0.00679605134661139,-0.007857981696890866,-0.004227062606696928,-0.0015465881330487328,-0.0022355844699652135,-0.01307101772047724,-0.013585445310179228,-0.004168282303722937,-0.001090277276141715,-0.005058797756086446,-0.008415814794109154,-0.0164459410625306,-0.0030153974838418953,-0.06648007404229513,-0.0017732331694902883,-0.004649811405768963,-0.006042055529873596,-0.0048002123039128375,-0.0019878879303549942,0.0,-0.012251818615573937,0.0,-0.0010142738984810344,-0.004093858859708413,-0.00038168907555997765,-0.003488489850707579,-0.0014826096650867448,-0.006301893181359125,-0.007473957799939072,0.0,-0.0007046446057950641,0.0,-0.002570590019925424,-0.0007630620302061313,-0.004906408595607867,-0.0015557157048557539,-0.00371106246212461,-0.001477627326403794,-0.0027245935429336342,-0.0017169821734465446,-0.05928267756935434,0.0,-0.002370260939191963
33,1,1.35,3.0,25,1,0.077824385007988,0.3396284012443267,0.047629101742864735,0.44893637335258124,0.46344390388185847,0.1566847902737881,0.5103825821212891,0.536911484631371,0.47957498785860264,0.3290803288109466,0.5004941960507917,0.35330783530889515,0.5694411259667659,0.18738467784058402,0.48067475335787063,0.3946863833073337,0.45387230117761884,0.34143257566971547,0.3133795308954733,0.1562685707685705,0.4680351377417232,0.505653711735136,0.4015299543339186,0.5548453721011308,0.4695777327382168,0.3141349964201477,0.4460226216777815,0.34001990517506636,0.5815153322142103,0.5529332487025952,0.46330303481907026,0.10022081405683726,0.3550469741608758,0.257099104811147,0.4302532464974014,0.27395950548850756,0.08763925705755493,0.40388416666531984,0.5237128963962214,0.1966849154400173,0.5378908260122357,0.5228408576239574,0.38495178939761154,0.3324598983137074,0.4937522642654455,0.35620240951490295,0.5335867888104472,0.32460364681382786,0.5035841181557892,0.27403779358931374,0.40732341484874107,0.3570514979203736,0.058107507674335465,0.3210600641123374,0.4710994058882221,0.5023093678472418,0.4643852332001982,0.5283838897926678,0.4659336456222267,0.31870051121299736,0.4144237868380608,0.4148190687057084,0.6071615464421967,0.46526530107132563,0.4583020836991872,0.043278196303825865,0.2229744729869318,0.3621742820521963,0.3572326463897611,0.0,-0.09454999223433715,-0.0016925314406061073,-0.0009161678778997075,-0.011211587627636322,-0.0026071082828290674,-0.006926467506598257,-0.004797614072768542,-0.0023140741345300106,-0.008770297980018788,-0.00033095091924621343,-0.0033710393988544093,-0.007307891557606095,-0.011387276580325472,-0.0064150602898645735,-0.0027198811274073416,-0.002030192786107679,-0.008249171034386028,-0.017025856637661135,-0.0005551601416104791,-0.0028976587581060836,-0.002344812229818842,-0.005322645714393958,-0.007945266058714925,-0.008420986266260692,-0.002642472200096939,-0.00506111238013366,-0.003143004046065827,-0.0037269379279086133,-0.003473576287059881,-0.016173851721301164,-0.022803633989335628,-0.0076340758108293305,-0.0030661509438537835,-0.0003138160028322269,-0.037509332640756815,-0.0030746910779267333,-0.0014494644593458373,-0.012698830202607725,-0.004370996569481086,-0.0062170597832024044,-0.007483589950122918,-0.0010318115666343732,-0.008798948208888081,-0.00455119071749059,-0.0016310548815097268,-0.006027499549091218,-0.006832883925078624,-0.005845698463841395,-0.0009335176530458643,-0.0040359346316285825,-0.047090826538097104,-0.0037472320637899834,-0.0006931462045227418,-0.0014258530539706642,-0.002457220263485619,-0.0019293083326743,-0.007629197342539834,-0.007489193529819511,-0.0025729643984019257,-0.0021870926866873496,-0.00555288018009517,-0.0007901317594785224,-0.0007401608455006299,-0.06226166320503892,-0.02407076424928694,-0.002047313973917515,-0.004248419056619566
34,2,0.0,0.0,37,1,0.345876714805562,0.18335798817154575,0.3410431200792209,0.3278197448864935,0.29055449680873346,0.16561129205446495,0.2923122306770812,0.25802149304338867,0.22425507125726216,0.32102274273394854,0.2811637136690511,0.2657369266560785,0.30585996050918,0.15493756077930582,0.26051711364379965,0.28216615010915413,0.20608025739782002,0.2952330865090204,0.22021973020898805,0.3040300826769865,0.27942715373069654,0.2458709444717575,0.21307832862408657,0.2937959433102292,0.3082339605704094,0.21975235804893986,0.29485288629336726,0.37050847444569146,0.249652057442421,0.3228040876265612,0.3108721794676271,0.03927415544772006,0.1687101603398027,0.24868713105523316,0.35711133054089006,0.23376633715238213,0.2845684389838584,0.22344207195518653,0.2698627824395383,0.13407121351216028,0.20564174542925218,0.22550922066824872,0.22273159495554154,0.28592445880348,0.22314606152106903,0.28043277321034127,0.2821101438938346,0.11608212959712538,0.23663552129816592,0.24282713900604452,0.25660118533786574,0.22812711584734724,0.18921906676733008,0.25406909191660676,0.2949359794775625,0.3362743772706569,0.3258583077117824,0.36997552554541946,0.32538633133474637,0.1896307118275307,0.19965578344255117,0.30727804877237,0.2533865388893229,0.3878912728663804,0.22644685269837686,0.10633528631492822,0.09743845948922467,0.2842898923558729,0.2583713708956201,-0.02245485427271736,-0.0010803825642739134,0.0,-0.00467035648857816,-0.0009845203415346582,-0.002147240963245303,-0.007072076485351281,-0.002898382356902416,-0.0025174152401612865,-0.00928828216622237,-0.0005825943481109209,-0.002671233305109919,-0.02623060967711019,-0.007887559586293977,-0.0010844347302074106,-0.012172672418804969,-0.004593688059860344,-0.006795970111906531,-0.006730520513022137,-0.00486034887508891,-0.005667912365975033,-0.0033210424502673314,-0.010492653854462398,-0.0009444235095326763,-0.003617609795003527,-0.0006351915880590373,-0.0009207287954064688,-0.01595226008609902,-0.0048461573680916945,-0.0027631590222806533,-0.03594681240255194,-0.00926174977531866,-0.0028194736087196535,-0.0019157421328926207,-0.0053093086245825285,-0.01114913459529559,-0.00624401284009777,-0.007365402611995921,-0.01707588806004309,-0.019528259404284234,-0.006285564840116515,-0.0015343788187583778,-0.0036407514998413283,-0.016042275767400443,-0.00013252310676293284,-0.003501155136551576,-0.04294055968035626,-0.00647455539355112,-0.0047894714724438766,-0.009323140318382762,-0.005130702486203334,-0.012823282465340646,-0.005573701489425534,-0.0034686302125064043,-0.0014859137185389718,-0.0028251821206876134,-0.00266825049570523,-0.0003846467631430254,-0.010418861155520338,-0.02648511958967695,-0.002114027783381503,-0.012026562241544107,0.0,-0.008096677940611342,-0.018083406160282315,-0.031909920284778855,-0.0007392764084664358,-0.0051638256329866565
36,1,2.1,2.0,41,1,0.0845261767273516,0.1856433251480647,0.14136225742270292,0.20427420745239552,0.28242624455369697,0.14433003720775228,0.27978168038838463,0.24158315760990914,0.18260795400297875,0.25510361136409676,0.2027946857825291,0.24409064161034627,0.2467237285589432,0.21684998262586858,0.22137522639446092,0.22649368152119725,0.2683799711438142,0.18530537649795026,0.16619943782717989,0.18070058770361783,0.27402266663131536,0.27019216361578574,0.2156940301850052,0.2913438515929124,0.25901802568192395,0.1899382745654055,0.18233055591715072,0.2233636192541784,0.26550525636411837,0.2777361273836748,0.2082369512026939,0.08335191251330712,0.13041054508138328,0.1809069688250194,0.25719925914847763,0.11365021217044549,0.17312841916087102,0.1709471638874529,0.25414106261888936,0.1986664397439369,0.220748214594863,0.2216089544548284,0.18489685855013602,0.26551572049814803,0.2680540162656703,0.20647185316679006,0.2577775410818144,0.1646296009620045,0.2099454102148759,0.15487787370506298,0.2546215935035396,0.19959898501577472,0.14068526075115584,0.21549688595585012,0.2500161178685903,0.2827841930650906,0.1779410709051593,0.3007795173325735,0.2460520789253847,0.1908224962601623,0.1237882328863777,0.16927145185301207,0.21011601292486995,0.19909382217252178,0.2143627334263575,0.1145032584918259,0.12047813163725496,0.18137405555008895,0.1949947720307876,-0.007625809447087493,-0.021243250737309798,-0.04865342260503757,-0.008881261160391297,-0.012111327999387527,-0.002837349352542697,-0.03607565114502375,-0.007913254603427554,-0.05706437650210324,-0.007109972619386904,-0.0014869423105691821,-0.016761007027265795,-0.011919003364250632,-0.049741295131605204,-0.027996593391021705,-0.00230823608347967,-0.06479820851236988,-0.0158346009237678,-0.03193250605951999,-0.01920447400578375,-0.010664639949926641,-0.002072512641782485,-0.018805563045905374,-0.05896871534433507,-0.03813610789881583,-0.003937280660301945,-0.025380970869480015,-0.008035143465498223,-0.0041636171500355115,-0.05392856445538384,-0.04056240961435234,-0.011948684337188696,-0.006825356732433281,-0.04070991517280818,-0.016560482294783987,-0.046436829188684525,-0.05028077802861123,-0.023277266359634896,-0.004143778711383762,-0.005749211371488003,-0.03982136875344102,-0.009173995932129966,-0.07864859845395893,-0.012246298780410695,-0.0008228434727119536,-0.010060764231712354,-0.04033897119201543,-0.03731973726064516,-0.02345568895310133,-0.016685377856387937,-0.10170310281272388,-0.01532802209694282,-0.09466164782115552,-0.01818855397836208,-0.024302688814171462,-0.03595026493767916,-0.02804548927182896,-0.04446071100444304,-0.03603479065013154,-0.012956162369759253,-0.01973042477540974,-0.03621504126179384,-0.012482631919690804,-0.1230041695798225,-0.026128067647723515,-0.029955334950357994,-0.00905917576138353,-0.05469506117145403
37,2,3.1,2.4,25,1,0.1256838225475814,0.2091713078205566,0.20493856470254235,0.2011441295823039,0.17165798885231404,0.1338472684923416,0.21475548796092944,0.2210791437934133,0.262972945490732,0.16689536604774882,0.13038217469565963,0.2159213077490923,0.191614456149174,0.21502018743265908,0.24485253571898083,0.0818138617858947,0.23913406325191522,0.22676635347436364,0.18967365428212662,0.1939001721959588,0.16698860124812942,0.23840048223031823,0.2819975389609202,0.28638321980200365,0.18649999083643648,0.2191558569175116,0.26674194029610726,0.22395240858981152,0.2404920064213369,0.22835161831443254,0.2900764100063317,0.04833597077002139,0.17493022629468255,0.23785817775351223,0.2538483321612431,0.16069189187178518,0.1952029934284421,0.1731608058309747,0.1967787263212389,0.17225955826111924,0.21943782128891928,0.1858639622332007,0.23752573443551012,0.18293895731281884,0.13180321731887248,0.22363224435647877,0.18494484672788947,0.2131033216319453,0.2624685436876696,0.08340847583182646,0.23443241461724593,0.2220004159811562,0.16417208706804648,0.20465396636637162,0.15011504650270688,0.22089238122693072,0.2505961089847288,0.3069543422901236,0.19672655648786885,0.21223192513241257,0.20445649539585456,0.2766365091746182,0.19453717435867954,0.28080208529881806,0.25258574073855455,0.05409010253714517,0.169260019340133,0.2502344865516753,0.251340984210221,-0.030103482906071666,-0.01468270948878903,-0.02027707746833298,-0.04425193379834739,-0.01247933461555043,-0.012527064694914191,-0.012414402613457493,-0.0033940734635113344,-0.027082982967698375,-0.029900181035665593,-0.010479497697018864,-0.03018393227512635,-0.03340178834171975,-0.015889717545805992,-0.03676778971675767,-0.015120136835815215,-0.02375759504872533,-0.019246982764883118,-0.027671078772828407,-0.046028098931450684,-0.010844934039657231,-0.018349304423570974,-0.00870552867140348,-0.015030923242568332,-0.01974055224650055,-0.0216196821784419,-0.025187473114610608,-0.01577162110816706,-0.014242048927046398,-0.04258636304792097,-0.0950152936213801,-0.03802723146242729,-0.0020056819738777073,-0.016677898003691044,-0.01447799794405846,-0.012615862318056281,-0.026947840442738815,-0.027024467445720558,-0.006358999714944591,-0.015443588657230327,-0.028657656287044357,-0.0024492564467100296,-0.02318462900908435,-0.043209700016421666,-0.022271693851722636,-0.036232807465620576,-0.03788559255259737,-0.013649494103693309,-0.05059892979639347,-0.01584849495215213,-0.03346643505289088,-0.009836159938705118,-0.03424464197184708,-0.05207062685335776,-0.019745271042437913,-0.023117422362272544,-0.0160050998058387,-0.01141110012243464,-0.02167332151182155,-0.02817648160808744,-0.01573262214083691,-0.026829631224815548,-0.020257720527123657,-0.04137413452649842,-0.08256144487822557,-0.04240540998491032,-0.01137631962584898,-0.027461537002550798
39,2,0.0,0.0,36,1,0.2351168240769308,0.17931732253228064,0.2867321359047619,0.2688997862045159,0.3458713745470667,0.29093900987586,0.2583905613489178,0.15677349108050262,0.32004015624616405,0.2872486547952879,0.1606442074532143,0.2856662637366038,0.2560911636654896,0.09812168636603552,0.2647401689627558,0.18238524056802138,0.3148274953491821,0.11275881322214006,0.18709143531314248,0.23617010600994096,0.26638437822898053,0.2726242131723879,0.31769057012110286,0.35120362879211464,0.31853692463065447,0.06722988699282553,0.21366112395855089,0.10227127497821152,0.14772513039164123,0.3401913262823057,0.2262204733984834,0.29405824587528206,0.24773056585838113,0.2556157106730707,0.30363129709349096,0.20783091034570597,0.27929880944422575,0.2560673170812577,0.3252563559243787,0.28080487778382884,0.3415132405295324,0.18487560738259703,0.30919496325144863,0.35113746577680277,0.19646572465540502,0.2669806719724003,0.32922184337512583,0.25924325836139067,0.3467981521427204,0.17845552098420203,0.31371463997354904,0.15169393390081046,0.22613089276419748,0.18619792590387174,0.2954035798758017,0.34441623850646924,0.3511518160638098,0.29822225834559185,0.364220303705153,0.045950194293229205,0.2259627498373167,0.12781146183325265,0.19617571348154225,0.3472234742498716,0.1984312588278516,0.2245631631198282,0.3584340822957062,0.2773119241178207,0.2579588608553389,-0.01172764711043551,-0.001442644861543088,-0.005495762810265545,-0.005867090593097945,-0.020631800361156534,-0.031284592309235235,-0.013188574749630581,-0.020136795979657413,-0.006308619171039865,-0.03717156438684506,-0.019323989752307338,-0.015033853558978447,-0.019688086685614326,-0.007092719312415954,-0.03565532424808331,-0.006316122630464869,-0.06551016629065555,-0.04066766013251807,-0.007130329292550223,-0.008170471721061848,-0.003725510377183462,-0.0003825849877567463,-0.0010255521640082329,-0.0031096734277798713,-0.06043731533696347,-0.005148952885316379,-0.06784461562461692,-0.04455152368199884,-0.007007405555326631,-0.009303476456690047,-0.027542575087288947,-0.015043484493627291,-0.0005567101720705163,-0.0008683635931269582,-0.016839614136420652,-0.0018178083644686642,-0.0017448793058196417,-0.004786969027318242,-0.007959342284168553,-0.024685894378910854,-0.009624645600099133,-0.01962859173605999,-0.007067925979706595,-0.021415732147818032,-0.017855810438461222,-0.0066873227630795135,-0.008203029803318761,-0.008693748769220267,-0.028166294993604173,-0.0040797456598502015,-0.027636431489886575,-0.031358427653225295,-0.02183669626028195,-0.013412465223332878,-0.0023284990303020893,-0.0012953571683593942,-0.004612004763681634,-0.003744696827424039,-0.13807928543456446,-0.00713947221513802,-0.04813296922308349,-0.0317670240940532,-0.009904339961151016,-0.010786093186725592,-0.026512481813065928,-0.007548842872202639,-0.003657386911619136,-0.007584849879307071
41,2,6.8,1.2,33,1,0.276292912878873,0.2821011717840201,0.1452654511248642,0.2550673028048936,0.3944940740724098,0.1813367710979179,0.43118682987035345,0.40071161768691166,0.22531011277948793,0.44065391261799297,0.39061127152985137,0.20679909840279867,0.30251266519261405,0.2013668427470996,0.34343560711333654,0.2614841193726656,0.32120717329128634,0.2881387027396481,0.17251340786275113,0.3132702473350739,0.3769336689625482,0.4086801537941933,0.39515877119989623,0.4463796924501708,0.47710845471505686,0.17141767945885922,0.2515540648047561,0.2697925124173685,0.4543422289234802,0.3907123913556067,0.34835300401437547,0.11673508972408518,0.16693173202805114,0.4038821187608459,0.48032672678702015,0.2585106699282761,0.2895193415604476,0.1914830503243158,0.40231653499537845,0.1896035573940189,0.42354431974391793,0.43360776737176765,0.3505500389285066,0.4652509675983015,0.3330901351018513,0.28012963243551287,0.3365909919677796,0.21040827895368264,0.4273962857495186,0.26095718130309425,0.4203244510824271,0.30529226288140354,0.16785167618713834,0.3547631149825172,0.3565155297885498,0.41814247755461864,0.4694807947141654,0.44718396534989885,0.49600590498310493,0.19521648931369373,0.16369472828223686,0.2658937298652002,0.4346228082638008,0.3808254048527381,0.38190999902947786,0.18394490304362282,0.0888612387503535,0.2622616533604722,0.3832487544294916,-0.013771875774349934,-0.01818039515513306,-0.01615952675307955,-0.03245919870435805,-0.022302193656709844,-0.027235959362624133,-0.03340610948058186,-0.003885170635925434,-0.0041747789893580006,-0.04418412313511703,-0.042326674380053324,-0.052762471619016794,-0.06427602529406913,-0.00027424982221488657,-0.016979653605514317,-0.0031006158544923446,-0.0022113963325375062,-0.04264038816030346,-0.00103518283855484,-0.03543618429594105,-0.012561297835188345,-0.0031467899638918983,-0.00744556217544107,-0.011869138680926046,-0.07451842305238533,-0.03448842451977559,-0.020183241294311885,-0.03289835379786525,-0.0025815625246983103,-0.04098848483275937,-0.05136418878774279,-0.013962940896105773,-0.0003889778379239716,-0.005207041456214772,-0.015335081541648504,-0.005311303745748772,-0.04378392713853321,-0.032278048589244795,-0.004488560758150191,-0.001095943562240546,-0.02771093741036483,-0.0002973836472375716,-0.009980399676061711,-0.04330001427206897,-0.022916209963545847,-0.055295644627171826,-0.06067920442819329,0.0,-0.014208214392342614,-0.00029394153572194774,-0.011703015980082044,-0.03643461347454608,-0.009909779546808653,-0.037165187638871645,-0.0049288955626426295,-0.006321332880206603,-0.0020039375986384057,-0.009929442667772915,-0.08027086852350204,-0.03950792321898187,-0.030802811612119313,-0.0261298440571527,-0.003396991588634281,-0.009882624563962482,-0.008658725030469916,-0.05162802936298903,-0.00023035257862629403,-0.005615684516494743
42,1,2.1,0.9,37,1,0.0861474339444674,0.2060204164220043,0.2507000033376371,0.19222574105028356,0.22749367595020767,0.22734351262951488,0.1666399966868795,0.19563440931061732,0.1688112547452986,0.22576954234985316,0.15907678441220777,0.22098747714969533,0.17707239190029114,0.17860225154681567,0.2875787600965375,0.15365755241937168,0.3017057732347524,0.2276971874250007,0.2137238985377202,0.19847820072739697,0.19441031161137304,0.28908291256147506,0.13075899947812733,0.32950166754014,0.2366132417272503,0.17135344007423298,0.19422329131363994,0.2649247269704095,0.1701056482148959,0.23018291570414698,0.26023186409642707,0.1867186546685545,0.1361533094775843,0.2894971691415113,0.3049833420514617,0.2415202069956325,0.27884537802530024,0.24673502461584362,0.20708230413823286,0.2081970863067631,0.16947249566419378,0.2248019309555263,0.2347189410465232,0.27756254938750224,0.14955716176428813,0.2593079791331893,0.206322787092182,0.23737142315138382,0.3522015911696066,0.1671547268671013,0.30546573294046664,0.3116837697359121,0.2062592112611877,0.26161136381200695,0.17753602065064428,0.2811145976275149,0.1793252700722491,0.32225632688215927,0.2867419385075133,0.20194461305101205,0.2418394410290181,0.2784243067005936,0.2085288373890919,0.3121728017928395,0.2776082702827264,0.15331862877639726,0.15050116686467893,0.26615929161918694,0.27994501096367336,-0.011743863325432187,-0.01617250367996873,-0.03986065838715206,-0.040156693768243976,0.0,-0.024592658675407348,-0.017456769244956486,-0.05456417536230722,-0.03335632082493141,-0.028440370230677255,-0.010231120938110062,-0.010992060548323686,-0.049875767869092195,-0.01124839337210636,-0.006570377985337102,-0.0023624794977159464,-0.041719451122760355,-0.023861653280917588,-0.037273911620003014,-0.034395717570922434,-0.024016559964252,-0.025539772821771316,-0.00482847475536593,-0.008213539338641516,-0.030383879455086124,-0.07618213674715928,-0.00788899929494412,-0.031119526605692335,-0.022504040312817202,-0.03482063002062993,-0.014492138476502995,-0.06008833004748824,-0.009376575338679522,-0.008302073996242214,-0.0041345329800847016,-0.007866733434122914,-0.014606079656334005,-0.041045086022826686,-0.0050285831159844925,-0.02374154510880676,-0.015109609115085899,-0.018747857667729875,-0.01856062254479729,-0.03959709071108789,-0.007895081316660382,-0.015374500204387563,-0.016255304628368484,-0.0015107657957417822,-0.01590928153993929,-0.001106010047914221,-0.005029235416240316,-0.022469237419296965,-0.01632616324018155,-0.015086373185665705,-0.020818807503162673,-0.011805172366643885,-0.0012281837318015537,-0.018178922549934168,-0.007645339485249952,-0.02538529925713935,-0.009377521829813978,-0.009842360126470526,-0.0008588883924868209,-0.01726600269240561,-0.05015789099298007,-0.04335912141440206,-0.011670744139997335,-0.011739161200051832
43,2,4.7,0.4,44,1,0.1502768514755271,0.13900363764987872,0.15533250346974176,0.20915899386806233,0.1263855746670834,0.09056043770296082,0.14530720572090747,0.17871359315870566,0.08326075559385127,0.18759297769207167,0.14904679958408845,0.15931060749710557,0.18301511075412596,0.16125298538857472,0.18157147558851167,0.10612239494022115,0.1773198656938364,0.1740533973213628,0.13979828186968457,0.2136684344718466,0.14948075828487734,0.1547072315159606,0.19327219994872244,0.19225847854939535,0.20925353421714943,0.1557616688850184,0.20147665945791207,0.2185800257162194,0.14037629843678476,0.23401900965200229,0.1719257205656649,0.12964775967228914,0.11714745326244216,0.10240652784657653,0.18306905359107795,0.2020455052572192,0.18080069874181667,0.13415083027416103,0.17120841257951014,0.0849219973344417,0.1314067428201114,0.1381470226277599,0.10635365760537463,0.1874964548688859,0.14755575467001192,0.17020909021070008,0.15786281017097398,0.18214199332854702,0.18091311779650868,0.08794294957217652,0.1922286960649516,0.14198178771642816,0.13897366961923757,0.14121881996929272,0.1459908264131069,0.16442560642769347,0.17565832862275593,0.1933374337671334,0.18732859145424535,0.18947830850416136,0.20434193215664564,0.24046446491183104,0.13440946889420782,0.23648626849569782,0.15670894209991726,0.1290874033694898,0.13535235312431892,0.16572806886023334,0.17881490758826282,-0.017104743642489987,-0.0321070533541206,-0.016205315694329404,-0.04363490497328384,-0.039761840201025106,-0.03482976410961789,-0.03263276885374587,-0.030907757896855913,-0.021676385659522464,-0.03852897965210691,-0.03309179425227909,-0.06166712126726377,-0.049088908904785296,-0.015243817263487487,-0.014471356905711916,-0.011777923847143252,-0.013072660166643773,-0.01994673455124545,-0.010648131415130364,-0.055981521580122165,-0.04347424073856325,-0.022501156762013575,-0.01680645641004427,-0.01552930953971307,-0.058786436718482875,-0.04935817482919056,-0.03614780764112942,-0.07935163640861563,-0.009457136937768229,-0.03151249595939961,-0.057449516608759583,-0.03134402909300404,-0.03962186089669972,-0.009145919490378714,-0.003080279864177797,-0.03011813739473173,-0.018534096669494866,-0.04154288884843298,-0.044242158671424885,-0.07024330122775531,-0.03820186691322314,-0.02390488217916487,-0.022848118375604184,-0.03501861488970565,-0.04072688183436177,-0.06675143766687125,-0.054049161233073316,-0.03292731618078592,-0.024723822354713442,-0.008864798595160523,-0.04215797273075272,-0.00978345495072781,-0.01383003479753241,-0.057931142999811974,-0.02127711435772735,-0.007311527163642008,-0.017913423605864738,-0.016171920555630055,-0.061372473878468226,-0.033234667545831036,-0.036736140950516166,-0.08502627732268399,-0.008746719806784785,-0.055993637101693514,-0.05015405013110644,-0.02097446883695832,-0.003556524078737015,-0.009823038842402902
45,1,4.8,2.6,29,2,0.152596770793424,0.16911310795281104,0.1946886599141159,0.17423690244856682,0.14323223353778528,0.17872319198863432,0.13529487926664602,0.12300412274754872,0.14894069920536684,0.1886133775119838,0.12877471852082079,0.21888774096674496,0.1495954905277565,0.21800213981741148,0.2199441725528213,0.1268661303019042,0.1560492227682479,0.13862683703039544,0.20911329005538684,0.12371944484651144,0.2081795227284647,0.1834948862977326,0.2026871310024906,0.20580587104163936,0.22268523586537428,0.16383295778976398,0.17736264399471796,0.14706287628063078,0.18788705378694975,0.19210851364119727,0.17434742755956362,0.2132410399142894,0.19836539425999883,0.15030412710057472,0.1418123960072697,0.15603862589567008,0.20165680501499375,0.18606005318672122,0.13980916074333266,0.1415554651716264,0.1574624379407908,0.13440123330027076,0.20269359100696102,0.20108373443211341,0.13716911062126563,0.24692123439003125,0.14189137129575283,0.18719665526529053,0.22408440234787605,0.0860952929120568,0.1641529836515241,0.1577455920038267,0.2249918141787956,0.17731999701173398,0.19272568214028094,0.20643795734547093,0.2088639691016915,0.20587933473671,0.2282845802192419,0.12456650549984634,0.19214921632575993,0.22347467847674254,0.17361996150804537,0.1898112027203728,0.18005830992716632,0.22143975332186377,0.17217289594076018,0.08577869937151283,0.16280052512077162,-0.06937742604672469,-0.08096084716751908,-0.03152801342024451,-0.07604440182759115,-0.06602583794407367,-0.015295750167327296,-0.03771493587739231,-0.026495803477599736,-0.053242255109797514,-0.037768431197316314,-0.03285967579441644,-0.03227996434266683,-0.038919095685944254,-0.04737492116893183,-0.014641761052590324,-0.06644522603610185,-0.07245746506113905,-0.04652668734861622,-0.02336277086485166,-0.08675446394785709,-0.12234960409349571,-0.05863712487072096,-0.1137560973788236,-0.056302885292417636,-0.05788133281772834,-0.030895805629903423,-0.020204913017006516,-0.03304542402191711,-0.12138245426374017,-0.056842850016134885,-0.060118957929698874,-0.03830250992553376,-0.08183281592518235,-0.04379716687039951,-0.11212251283514425,-0.05123792750432053,-0.07729875756670992,-0.047458601491029186,-0.0890236966502707,-0.02573066419032223,-0.05532167888192281,-0.019166074773993205,-0.0635709132729024,-0.03967426423792109,-0.038342193611420994,-0.03727906127295946,-0.05101105149837142,-0.024879676671190527,-0.028451241792500727,-0.01582451607218661,-0.05187325706499813,-0.05800117585999543,-0.054920334494441614,-0.09363393051841198,-0.09890860187281134,-0.08934374677617073,-0.07688519057794378,-0.06380131973511995,-0.06840497896047054,-0.05291954011388119,-0.06938555859822292,-0.04887801783467628,-0.08947490309570363,-0.06748201046804282,-0.06970316102480442,-0.0421001713039384,-0.05909274060248326,-0.03516287312235972
46,1,1.5,1.05,40,1,0.1642710386576548,0.2520575334611184,0.20495203573072596,0.22098603376870507,0.24055080035164908,0.11874353516261348,0.2938133647937837,0.2638254662444287,0.19067397192565794,0.3111263785431344,0.23411288496396124,0.2692200848513932,0.3459570919204974,0.25816050980002997,0.19644389269360799,0.17645945884633948,0.20442215760847313,0.19084996068323412,0.23930704751408888,0.14336855216315567,0.319060968307294,0.25863630818001626,0.25701960764148474,0.2823023434258907,0.3125233090862924,0.22933151709210348,0.20034145681101775,0.21930554221146423,0.26587826948715687,0.29986808431409984,0.26838320338451116,0.10035846024691038,0.1714650408924575,0.2284109995951171,0.2857940320745403,0.1705180196664511,0.24390362977405958,0.17492688861489017,0.27026460805101243,0.08051658015871205,0.2375665280009389,0.22372134744720915,0.12280151840180321,0.2745878471566187,0.2586252293813817,0.2501432550098254,0.33684015486555624,0.2489807170988681,0.2583701539307192,0.24389989823914243,0.2276711621751455,0.2342455933738081,0.16745965053646006,0.18322070251903597,0.30432196908084175,0.2927060774548701,0.28255537084252014,0.30458083503668854,0.30347669701004065,0.24611501878196343,0.28932960450530604,0.25656526112126626,0.2274619196895727,0.3450128712270081,0.20780371606207096,0.12776632537071578,0.2466450972642622,0.23513184000886492,0.25997798774743036,-0.0057038620132122755,-0.012414741141011267,-0.0059786297056982326,-0.010224644600873108,-0.012926100281279674,0.0,-0.00435043565249232,-0.0004508566995663313,-0.0026813079569155255,-0.0048283682894089,-0.0023705389853629763,-0.00044348005843489847,-0.0174972036811523,-0.010937304948835571,-0.008726574754726523,-0.005614755700391263,-0.0057904195310104455,-0.004275172847532802,-0.019528682226968117,-0.00023037320419865375,-0.015601211158248703,0.0,-0.001200400832173894,-0.004495911646443145,-0.03719430233529903,-0.006505371328932743,-0.020679403174791465,-0.009994749062574056,-0.005125781033942154,-0.009277428024978399,-0.10290314292954607,-0.017056329673900437,-0.004728462909141288,-0.004176515511977282,-0.007431635793257887,-0.0021321908733876373,-0.019556174667718314,-0.007485427508585834,-0.05366709373820393,-0.003266251804881946,-0.012622681736027928,-0.012820106548480818,-0.005098328430616988,-0.001905301617981724,-0.009114705491907805,-2.4525684521791046e-05,-0.01055936371646446,-0.004944166039553096,-0.0016479804736252717,-0.0024976943095959643,-0.0043248025529073674,-0.029164291430065402,-0.018971569032599,-0.0010866197068884148,-0.0023358016051450658,0.0,-0.001485184728565891,-0.007933004930890449,-0.02455900443167097,-0.0008784917657538582,-0.01196285181265071,-0.010568574695331632,-4.48712667321388e-05,-0.006760104498931148,-0.07884362843427539,-0.00039318189678850597,-0.0007464950936585582,-0.0017939345739237298
47,1,0.4,0.2,25,1,0.168915202330713,0.09855838004393028,0.20658822204690538,0.12870436793656584,0.25429818506262264,0.10516278979662705,0.18595793957520568,0.19139788466473565,0.18590386907425496,0.26604071630869613,0.20175747089566387,0.18162519784461104,0.24200783544003054,0.18377965932244517,0.20217920275928547,0.09663625735028074,0.21354315316685568,0.2024661816817434,0.183052852750165,0.19563601902857924,0.21833222306233938,0.208381653588584,0.22691512149411672,0.19675637568934826,0.24868321300763213,0.1919660844690137,0.19804004390324687,0.25441985444898224,0.22873958695454977,0.2040057777366865,0.16672153650858693,0.14884375714954587,0.1098478455700306,0.10256186525034881,0.21950280704497224,0.15003334487837613,0.2043822833005791,0.15660354206499202,0.2329901769251192,0.11316826550417318,0.21556943495078276,0.18744208725501585,0.19859835026041203,0.2771794440067419,0.2000082566399939,0.1542057511828236,0.22504825558467043,0.2022161506962006,0.23702884489657194,0.10612171957848933,0.24573351352932984,0.17059586640099703,0.21211161549577096,0.21351909596289517,0.1927250185012219,0.2503988780181756,0.22932784924993344,0.2870524187379682,0.24728323507311092,0.2060364823932397,0.23311320679833225,0.2724553353128428,0.1913771080120832,0.2075809712749379,0.13688532166774384,0.17429620671016197,0.07182216895710888,0.11480716182903461,0.195819932341936,-0.048767501760198596,-0.020141925401968085,-0.02901970128947994,-0.034130474667518555,-0.022823132374272654,-0.03737531351238846,-0.029373690920489245,-0.01751193317069361,-0.010004313927925968,-0.04583459932853805,-0.01786303513389763,-0.057463841307685774,-0.016308714185150897,-0.015919193826918157,-0.020927507430838037,-0.0015178161091957403,-0.058879577869549685,-0.04470085811031218,-0.03347091651934151,-0.07052332164805014,-0.00836734699697564,-0.012958005420521071,-0.013078748763067723,-0.024448804682858108,-0.017605498086196554,-0.02750254671804503,-0.00794416705813201,-0.04951249423252498,-0.01504513613298361,-0.025309311609261326,-0.020984167827892062,-0.017040228178513778,-0.0586775600228961,-0.017588576302285552,-0.057817570027345465,-0.021020359444999547,-0.029259359254931974,-0.03680935079655469,-0.02001486593623263,-0.044409656378374615,-0.010913589100894319,-0.007156488219289793,-0.008319054358745425,-0.04562506453215748,-0.03032357341422863,-0.06452426554663002,-0.01477762228565672,-0.00873122323242721,-0.02770532021478636,-0.0015860613867795612,-0.06264129535166527,-0.04438764842582388,-0.0512405241768851,-0.08008668930826557,-0.0008919278430395746,-0.023549416507392642,-0.0002355190126466134,-0.019846796205939966,-0.02353358086366999,-0.026051484488451595,-0.007395647726087159,-0.0392586283529435,-0.0324426227522184,-0.029877986164514047,-0.023733809143228927,-0.04584048569893078,-0.04232559661979499,-0.03224172187961485
48,2,6.9,2.9,30,1,0.1215040231852586,0.16343160419412261,0.14770178588192717,0.12517501383940952,0.22041855926415313,0.087156281552284,0.2441731460354947,0.17311784001832123,0.24113965782234156,0.15479569555746014,0.20569788188133445,0.19522143867474628,0.19900909334825856,0.14457727721485755,0.23051415309293968,0.18519413155367448,0.2114795827961519,0.16342469326048056,0.16416134350403705,0.14485220247316058,0.19935693256033707,0.2122067135397642,0.13483846856119153,0.2488812621720582,0.2231853493620995,0.13878205229382523,0.16242811532471288,0.13479155138988805,0.21131846197794393,0.2078114444935486,0.14580469114782463,0.057004050347522144,0.09224134525652916,0.18126635939295968,0.2542048810228744,0.1496610067814212,0.19328517030384512,0.09091295657622689,0.20773176596265036,0.13677840152013795,0.22289010283549474,0.18152652395881186,0.20143792362615184,0.19308062708920504,0.20905308578028992,0.1667205498633125,0.23104087490334263,0.17005976270135026,0.19811374191036493,0.08832076949270146,0.18903123423705878,0.12414173284084525,0.17838280444515384,0.1917738987036958,0.18459483546449673,0.19837325618882304,0.186842741766924,0.2135910872778186,0.21719630230129372,0.18677163805206107,0.21668541749404494,0.17148827880716355,0.2013470303712907,0.1886903155742766,0.20388460502857525,0.176312659935669,0.1158939151018771,0.16625073079132818,0.18265321900237735,-0.032367485561006874,-0.028325256293433385,-0.03968173408759225,-0.03185506647325495,-0.052837781235426824,-0.025087529825551673,-0.004418530005855932,-0.019952782850979327,-0.027141171888522067,-0.05926981616635857,-0.017186934246883733,-0.04672872463239091,-0.041681579950696004,-0.0025668878783011197,-0.014364681353879624,-0.002153646547711645,-0.03282666949024357,-0.035071211181920615,-0.03808320894340489,-0.053857183590905085,-0.004815977691916705,-0.007855950784289096,-0.008625556073423333,-0.01723813432553119,-0.04573396908542633,-0.03172932317158349,-0.08682967287341319,-0.050869762437453704,-0.03584566260252039,-0.029804639146013792,-0.07280206357189846,-0.04269820678615971,-0.013740590655648038,-0.0036361179169777176,-0.06438396078245488,-0.010108779572935586,-0.047900979670938724,-0.04741728730085746,-0.01748168003277854,-0.029266908343199526,-0.028715450981584765,-0.013197674921325564,-0.012326158214777578,-0.05154851764963573,-0.021649740005513163,-0.044565060448325054,-0.03224624415234518,-0.009900422220611644,-0.02190583963038614,-0.011583817423375775,-0.09327437977075421,-0.03042466673848018,-0.03762745040011426,-0.04263140254427706,-0.008448755029285106,-0.004057583675534529,-0.01953785069044906,-0.0198390762514921,-0.02703246123393528,-0.015147344974718448,-0.06304769144826823,-0.061605077803871706,-0.04468479912163987,-0.01981974212479395,-0.022146822476489064,-0.04153016946828371,-0.029534468726364206,-0.02315236330757346
49,2,0.3,0.0,27,1,0.1777837467729226,0.15190244105461895,0.177590037849427,0.09455211950519819,0.2486524921628992,0.22359782554828425,0.14631430792984731,0.19440386504005036,0.14083605116971906,0.27323020232678924,0.12488194631257309,0.17966517544766056,0.24334785367326914,0.2559244628049269,0.273300481012585,0.17502387484735119,0.21476321745303875,0.12008327669844084,0.2147026258932174,0.1309763865954039,0.16672933362764047,0.2415098938612119,0.27321473883189673,0.21666567506123408,0.29125068927821396,0.15525306915822623,0.25047987966709695,0.2172262388285256,0.18617000742665404,0.22755392330422616,0.2095364555812836,0.19890696039429992,0.1841584187229219,0.1732274767585714,0.20730578334115726,0.15114461897373255,0.22212348556210693,0.14099200438095036,0.2198093541059613,0.17275559559673848,0.19937297444386504,0.15732001929412442,0.16309190585331196,0.26162913900743245,0.11331707106895275,0.2233837886809565,0.24034525689831007,0.24624310673562294,0.26250861014349147,0.14017738275308708,0.1997742746606024,0.12852527187774382,0.24335283555900977,0.15989872391654866,0.17363054794236016,0.20236885352504957,0.24944942362923864,0.21978296516205964,0.2646642858808169,0.179923983394447,0.18800265921282386,0.21354066311097364,0.18798476263667005,0.235337699268694,0.17582414193614013,0.18609884031239937,0.2386965029768582,0.18675265390594215,0.20369911009093672,-0.03016508709713074,-0.006853424026529202,-0.03703129585337362,-0.01028032371244736,-0.004428123167517662,-0.016683974348728644,-0.010010163994973446,-0.03590466572351733,-0.013331236948072147,-0.036550364831829794,-0.010190741751694793,-0.0046371606962492045,-0.01598979617725299,-0.012375998105604632,-0.010707353559134292,-0.013229194481343357,-0.05460374184834245,-0.015789411718790926,-0.015635820051044642,-0.044650492805884213,-0.010753694202576743,-0.0006574142721007671,-0.017040404395172237,-0.005903458829631553,-0.02793772946505266,-0.008333658149419816,-0.01114515628165431,-0.026668495553246872,-0.03269520393072422,-0.009136636889688916,-0.019377870084979553,-0.01800841811369154,-0.021296870578010343,-0.003009344240025182,-0.01679563287924312,-0.008644686269446476,-0.02873762510667706,-0.012989890873325945,-0.01613783374901613,-0.0046180850087555,-0.009935383230896148,-0.026243381111646206,-0.005899139020642069,-0.07576789623933461,-0.014623202651061238,-0.008375050121244518,-0.013740906350187944,-0.014428853115726838,-0.008758912171311795,-0.014449425054371983,-0.06181628973021319,-0.011504281216609211,-0.024185263103480712,-0.03619842739401633,-0.01825732093873818,-0.008940017231533839,-0.007953941188744915,-0.007405780554476847,-0.022463014091553875,-0.010865853164883501,-0.008856502875455282,-0.032743151966711126,-0.029745945208789485,-0.02244178842939078,-0.011124244096219338,-0.008976769967589403,-0.022333322132374288,-0.004465496812837112
50,1,2.5,0.5,34,1,0.0710103540288698,0.20154311604390748,0.1843697992933608,0.1991791738961397,0.2621966656906514,0.12148354195377777,0.22024861372169743,0.19514272602382363,0.15586820017353545,0.2193813777305569,0.2248637739812072,0.1755260707391425,0.2715852507943982,0.1441609293022509,0.2224769567271073,0.24484806376472137,0.23307498912484426,0.1696055366321972,0.2152480549906762,0.1368248383286696,0.18987698714230933,0.1911088498157701,0.22897643636800344,0.24039310151050045,0.2779640452398887,0.1590906207163784,0.17529237476264323,0.24066683317822388,0.24297994515218532,0.23964647090316027,0.15307442772971797,0.1441438361042881,0.20541313974471426,0.17308421476179303,0.2295490685447968,0.168241415087603,0.19263948294144448,0.1493049145289056,0.21900559192435198,0.0803650247156176,0.2317527807229085,0.2167823555181877,0.1973247190669884,0.23773443302588934,0.18060826698580526,0.17294412506130072,0.28365307012043733,0.19822091370667924,0.26984147063138814,0.14126411596359548,0.19772096617945592,0.14714627202529051,0.2271123974442413,0.17668255465075117,0.21816054697057186,0.22258439392309212,0.2066580798816164,0.26613413268584885,0.2705053102660635,0.18508174658089488,0.17507600278489624,0.16843658444189719,0.23048242626834917,0.27455209506408046,0.16357008791043975,0.13659123276206192,0.15591243279376474,0.1419560908650422,0.17799035579012634,-0.002108561831243737,-0.005912957967081051,-0.028519257514710745,-0.0026483019626130522,-0.03317534313766445,-0.001467208605442591,-0.0260236751498844,-0.014393396637773103,-0.00722172154749946,-0.009363225351911496,-0.03172058677940071,-0.0010243139830315537,-0.05666330223497271,-0.009558092204951461,0.0,-0.012965421410948128,-0.008019091198174497,-0.001088761425498791,-0.015448445146719428,-0.023680121014613576,-0.04942772474258117,-0.00032211603134988504,-0.026829118345416965,-0.009459494956071823,-0.058675150206628446,-0.01989317554955609,-0.015457546133459565,-0.004438872437757112,-0.011606174428568986,-0.007671127152045468,-0.0752270241494307,-0.008963540400497983,-0.019127026040753708,-0.020715735969858377,-0.004734422994900077,-0.012524779752535306,-0.04338283164966139,-0.0031542545110923416,-0.02392646214093393,-0.0014860447787505,-0.022287376773937367,-0.004196750563241937,-0.0016240480972908567,-0.015605866030519803,-0.005580365981272485,-9.04933339178209e-06,-0.028592602721857704,-0.015417828158088025,-0.010246397975938727,-0.028346533829947666,-0.04126273219175477,-0.00797705539233954,-0.03844602028405599,-0.013022698800333557,-0.02638067781285968,-0.0023595609568668983,-0.012293894489820415,-0.010411028216604305,-0.030454506290599453,-0.058961736274976244,-0.03537217862304417,-0.013308504812161198,-0.0014581135358022461,-0.04123291892619428,-0.08032684444325314,-0.003483139475004567,-0.020379351409405742,-0.04769992796100213
52,1,0.9,3.5,36,1,0.0810507455517701,0.38548865246766695,0.3491303524480897,0.3074563897379414,0.4360297201506111,0.16348239893128413,0.4358662018979201,0.37884759186919037,0.32194711185170083,0.3555891836580959,0.31140237572560936,0.28856655709019485,0.4945413292878157,0.37031176966634555,0.2419463987675227,0.21318072242126276,0.3299966774746083,0.2817984819480517,0.20555930519295662,0.2569029420099133,0.45397944905976745,0.40935501532248847,0.4326480030285767,0.3869482859268803,0.4127229036146774,0.33021567020608183,0.3529273082829712,0.34089783111486655,0.44869520222005566,0.4461670674766297,0.4482764844985347,0.2015236792457976,0.20254514574381888,0.4416680878546778,0.5087531903510855,0.418264911300207,0.37830696694197935,0.3077628777018913,0.44214506391106073,0.03137940541994687,0.443078371295083,0.3601265202164635,0.3457152461139887,0.3831013253742843,0.2640961498307518,0.29463632480694263,0.5024690463440025,0.3098767250073599,0.3667228783746923,0.24226048464046784,0.28250998775547354,0.30470987559702795,0.24618337093003384,0.27607182048083184,0.43429374284193023,0.4113658899667133,0.36058835803815936,0.4415458763873502,0.4047835979381582,0.3050117577926167,0.23159363318907683,0.4449873131024805,0.4100200536140796,0.5206613647579333,0.44879363992252613,0.2287956714393527,0.2430939122091527,0.3970132373811925,0.4729150607475978,-1.3835444171780596e-05,-0.0024526462413983086,-0.0021822719699003475,0.0,-0.003581435678840509,-0.0009998015422750298,-0.0013430263858196703,-3.482529334527612e-05,-0.004791930270401696,-0.00499414514122644,0.0,-0.00017524109571623284,-0.0011422051041298433,-0.002554745992848009,-0.006379724330176729,-0.007915258447258914,-0.010112835715265707,-0.0016521590563525269,-0.0018106785462338104,0.0,-0.001483941781571663,0.0,-0.0038139367152756733,-0.0008048372219346328,-0.00023636518444266567,0.0,-0.0034481673525037387,-8.72097294635194e-05,0.0,-0.00025798165835652984,-0.009972076842397815,-0.0018534336775276178,-0.00010547592468785821,0.0,-0.001067645674580682,-0.00011445100329273283,-0.0019215534462665386,0.0,-0.018994572789716495,0.0,-0.007703034864308436,-0.003461376989979437,-0.0028087181697294106,-0.006914165987120412,-0.0009769183949997582,-0.0002430312167992836,-0.000735631332034673,0.0,0.0,-0.012726472948069823,-0.007522629326664538,-1.546657769438209e-05,-0.012085618676509698,0.0,-0.0008012444240008105,0.0,0.0,-0.006517331780410905,-0.0014515983775718968,-0.01150104898439088,0.0,-0.000686957711844885,0.0,-0.00038684672363007615,-0.002879364949518612,-0.0009595576763758686,0.0,-0.0006083298339720701
53,2,3.0,1.6,38,1,0.1666354327307661,0.31466739930974774,0.3034789653793519,0.19950733858919464,0.31824295746448156,0.2186137810168692,0.21184381507106828,0.2895559237725981,0.21972831376799073,0.3266569667365966,0.16299173373517442,0.1963979156349349,0.19618297618391653,0.09102581978020398,0.3154723554595473,0.25510977628566256,0.3163688432986713,0.24875289973847078,0.19846658141643236,0.2455878325690366,0.2928454828980851,0.35101138387016684,0.2842780541170413,0.37207378901189125,0.32274067838852116,0.15928538632134798,0.17867961336360155,0.20888469394931072,0.26652324278644407,0.38656229251380075,0.40994342103966586,0.09807736026959665,0.17300541851487625,0.3411220681902545,0.40367768665746795,0.3178210665414217,0.27536892130856905,0.18742504200060767,0.2901997706918174,0.1214786096447509,0.27289973036067955,0.26729850067874467,0.2227583042669562,0.33275803780937463,0.20232346846195104,0.15406111971086772,0.3618272983115557,0.15800592399173174,0.3390212729165128,0.28851655373221774,0.30750078057884955,0.21179879562500298,0.12876202263025346,0.23915578662902778,0.3298627457336376,0.31947844476560033,0.34101731015792147,0.3313327681153394,0.3253489826992193,0.19166760722461076,0.15007844036762055,0.17879326567305337,0.20926990547056729,0.41101325564009616,0.3792658776366404,0.09815777393434244,0.13027368975018255,0.32270345644339987,0.34346999811504514,-0.005162299727697247,-0.005093045632770704,-0.00810118358910036,-0.022073110106066596,-0.027438713096858115,-0.020255694914451863,-0.003168715697738446,-0.003877971225339891,-0.010303498400185393,-0.015422618748633614,-0.010078075772515755,-0.019672047831061412,-0.05685388107017263,-0.003621261606869964,-0.0017725367360241658,-0.02228088289474865,-0.03254772971514788,-0.015792903663588,-0.013535801267634743,-0.005300058817582484,-0.016424627946059072,-0.017533320222597456,-0.0025901307694685153,-0.005144003012995734,-0.02818850590695861,-0.012737298363782483,-0.03205509193270719,-0.028092347452107726,-0.0003003243908973537,-0.021345920316020724,-0.1060966457304779,-0.013962844487663587,-0.003805762526199625,-0.014823007041008196,-0.006614238331696594,-0.0029027389292493985,-0.023352015729584747,-0.029738031963308043,-0.016397556284831805,0.0,-0.008440953771660653,-0.0005348587396921239,-0.008274421715399364,-0.02247293853856479,-0.0074629796181164085,-0.03227205654071524,-0.0375610862344478,-0.00549381785513601,-0.0013954192811598985,-0.021835976859470942,-0.037295119716437654,-0.05134572706483748,-0.02266068005818766,-0.006327279948128708,-0.013301961399379829,-0.010236587705032526,-0.0018566596517622237,-0.014354418064280651,-0.016543237640984684,-0.03243136622071967,-0.054403918489400835,-0.02975002899118138,-0.005698581627146086,-0.03253772016888044,-0.10342239310599029,-0.011757821653077927,-0.007288314625556362,-0.013285364229829427
54,2,2.1,0.0,44,2,0.1230318062921025,0.17852351202252512,0.326275219347299,0.32639624535930795,0.36658035231888536,0.1284648580045721,0.3509745709080354,0.3136043382934256,0.28555985024779695,0.39451935411189676,0.3321600246767607,0.27353873142784163,0.4443462768450557,0.2701919027735757,0.30104073338985404,0.19486912179588675,0.15866382288851652,0.3123275787195748,0.14643653885143465,0.27765750625726576,0.4533507918232082,0.21097660553785705,0.2998686041067132,0.36866379412841727,0.4154711501557849,0.1422852012943085,0.2994188642052353,0.33740285841789014,0.4541517159323866,0.3585306989270016,0.4157571505320723,0.0362885709482111,0.23324642156842668,0.3545066791242961,0.4148544277084983,0.165139133427675,0.20658560877445029,0.30549207186746885,0.42091690648239577,0.1744458657777761,0.36935808757136934,0.3446954376746409,0.1181743345061943,0.43076500169767457,0.36652458677646854,0.3401973830025761,0.47381691365043327,0.19178019999861012,0.3504855892246726,0.22039588802872262,0.1234260082439517,0.2937467613663336,0.1915947905056606,0.33703927478723733,0.47282653586854473,0.21764475194237062,0.3516262806453879,0.36843310058906387,0.4304099118270373,0.24429599986335607,0.23144353126211042,0.24141204280756523,0.3758486598052718,0.36332214121067585,0.3311474076148055,0.044433891248747255,0.16260680270169708,0.3348961873699608,0.388539534467719,-0.03877543606544743,-0.00215202934421616,-0.007606493133096063,-0.0030384463213285803,-0.02734565313367187,-0.0012764162786259373,-0.0034556716030489684,-0.0076192496625605,-0.010018363408813463,-0.002150918391993252,-0.006535317876431237,-0.005270681186596213,-0.0002763949471273418,-0.0005716837685382313,-0.004345605919026986,-0.042545319042091884,-0.0049407983352179755,-0.01368887311795996,-0.015048235421556495,-0.005008836070047167,-0.05126030377046913,-0.0015675233806761522,-0.013797987548545176,-0.0020435129088000386,-0.005156774377292965,-0.016581281343253634,-0.004310500284247467,-0.004831259385198565,-0.0027351802732233,-0.0032079006299281522,-0.04731979752710533,-0.0015498473777441598,-0.00807285410850094,-0.00519142411274065,-0.02229136717037212,-0.015872209731950086,-0.022314754485444788,-0.002646002717642506,-0.020539448106386974,-0.0018632721352174703,-0.017923726612748065,-0.03872796795035902,-0.008247144373128441,-0.003944015460269233,-0.01188072641174611,-0.00767564634508326,-0.00713722749226859,-0.003939475977509032,-0.0016716223429032492,-0.05299652811625993,-0.00966300746535164,-0.02827502053984738,-0.01833592370652019,-0.002855782559672355,-0.05013045732506188,-0.003541266425061152,-0.009962063134807506,-0.0030443884398699537,-0.005270123440227524,-0.044955323252129226,-0.010257853117798109,-0.0037114323035980362,-0.0030181812938781644,-0.005902418799454302,-0.04570758895116719,-0.010395766087519345,-0.006761581844762825,-0.004217745859673526
