rid,treatment_group,vas_t0,vas_t1,age,sex,eTIV,lh_bankssts_bctpos,lh_caudalanteriorcingulate_bctpos,lh_caudalmiddlefrontal_bctpos,lh_cuneus_bctpos,lh_entorhinal_bctpos,lh_fusiform_bctpos,lh_inferiorparietal_bctpos,lh_inferiortemporal_bctpos,lh_isthmuscingulate_bctpos,lh_lateraloccipital_bctpos,lh_lateralorbitofrontal_bctpos,lh_lingual_bctpos,lh_medialorbitofrontal_bctpos,lh_middletemporal_bctpos,lh_parahippocampal_bctpos,lh_paracentral_bctpos,lh_parsopercularis_bctpos,lh_parsorbitalis_bctpos,lh_parstriangularis_bctpos,lh_pericalcarine_bctpos,lh_postcentral_bctpos,lh_posteriorcingulate_bctpos,lh_precentral_bctpos,lh_precuneus_bctpos,lh_rostralanteriorcingulate_bctpos,lh_rostralmiddlefrontal_bctpos,lh_superiorfrontal_bctpos,lh_superiorparietal_bctpos,lh_superiortemporal_bctpos,lh_supramarginal_bctpos,lh_frontalpole_bctpos,lh_temporalpole_bctpos,lh_transversetemporal_bctpos,lh_insula_bctpos,rh_bankssts_bctpos,rh_caudalanteriorcingulate_bctpos,rh_caudalmiddlefrontal_bctpos,rh_cuneus_bctpos,rh_entorhinal_bctpos,rh_fusiform_bctpos,rh_inferiorparietal_bctpos,rh_inferiortemporal_bctpos,rh_isthmuscingulate_bctpos,rh_lateraloccipital_bctpos,rh_lateralorbitofrontal_bctpos,rh_lingual_bctpos,rh_medialorbitofrontal_bctpos,rh_middletemporal_bctpos,rh_parahippocampal_bctpos,rh_paracentral_bctpos,rh_parsopercularis_bctpos,rh_parsorbitalis_bctpos,rh_parstriangularis_bctpos,rh_pericalcarine_bctpos,rh_postcentral_bctpos,rh_posteriorcingulate_bctpos,rh_precentral_bctpos,rh_precuneus_bctpos,rh_rostralanteriorcingulate_bctpos,rh_rostralmiddlefrontal_bctpos,rh_superiorfrontal_bctpos,rh_superiorparietal_bctpos,rh_superiortemporal_bctpos,rh_supramarginal_bctpos,rh_frontalpole_bctpos,rh_temporalpole_bctpos,rh_transversetemporal_bctpos,rh_insula_bctpos,lh_bankssts_bctneg,lh_caudalanteriorcingulate_bctneg,lh_caudalmiddlefrontal_bctneg,lh_cuneus_bctneg,lh_entorhinal_bctneg,lh_fusiform_bctneg,lh_inferiorparietal_bctneg,lh_inferiortemporal_bctneg,lh_isthmuscingulate_bctneg,lh_lateraloccipital_bctneg,lh_lateralorbitofrontal_bctneg,lh_lingual_bctneg,lh_medialorbitofrontal_bctneg,lh_middletemporal_bctneg,lh_parahippocampal_bctneg,lh_paracentral_bctneg,lh_parsopercularis_bctneg,lh_parsorbitalis_bctneg,lh_parstriangularis_bctneg,lh_pericalcarine_bctneg,lh_postcentral_bctneg,lh_posteriorcingulate_bctneg,lh_precentral_bctneg,lh_precuneus_bctneg,lh_rostralanteriorcingulate_bctneg,lh_rostralmiddlefrontal_bctneg,lh_superiorfrontal_bctneg,lh_superiorparietal_bctneg,lh_superiortemporal_bctneg,lh_supramarginal_bctneg,lh_frontalpole_bctneg,lh_temporalpole_bctneg,lh_transversetemporal_bctneg,lh_insula_bctneg,rh_bankssts_bctneg,rh_caudalanteriorcingulate_bctneg,rh_caudalmiddlefrontal_bctneg,rh_cuneus_bctneg,rh_entorhinal_bctneg,rh_fusiform_bctneg,rh_inferiorparietal_bctneg,rh_inferiortemporal_bctneg,rh_isthmuscingulate_bctneg,rh_lateraloccipital_bctneg,rh_lateralorbitofrontal_bctneg,rh_lingual_bctneg,rh_medialorbitofrontal_bctneg,rh_middletemporal_bctneg,rh_parahippocampal_bctneg,rh_paracentral_bctneg,rh_parsopercularis_bctneg,rh_parsorbitalis_bctneg,rh_parstriangularis_bctneg,rh_pericalcarine_bctneg,rh_postcentral_bctneg,rh_posteriorcingulate_bctneg,rh_precentral_bctneg,rh_precuneus_bctneg,rh_rostralanteriorcingulate_bctneg,rh_rostralmiddlefrontal_bctneg,rh_superiorfrontal_bctneg,rh_superiorparietal_bctneg,rh_superiortemporal_bctneg,rh_supramarginal_bctneg,rh_frontalpole_bctneg,rh_temporalpole_bctneg,rh_transversetemporal_bctneg,rh_insula_bctneg
1,1,1.1,7.4,18,1,1327438.357,0.3025355675359434,0.1803004002060112,0.17930089931736437,0.19505603021674317,0.24851378832685128,0.31428126225439595,0.3223247484880605,0.3146495103417327,0.19949537000223047,0.24410208817890128,0.19857572859512412,0.19207638542356603,0.2303088305880965,0.3272505461340835,0.24724975702807922,0.28207860560274667,0.2917331706824718,0.2392768620694116,0.16062237066909693,0.19862928398879792,0.24315170721920604,0.24125815621407437,0.3450640685003101,0.2529189945576423,0.24422554774503116,0.2818926464321527,0.3300078462817336,0.2968168488841096,0.34092196236669253,0.3026829850950246,0.2449658331931832,0.23767086754849961,0.21548706043327273,0.2446727467513974,0.28452119366844336,0.2008051432812727,0.27282635343524325,0.20569901819102493,0.23208526568939913,0.24597341484686827,0.3076903824502845,0.3074952441252265,0.19123339026422348,0.23558797202716186,0.17660647418756925,0.19555867705530566,0.20006960558039047,0.3273537091201126,0.2365101614148091,0.2065125366683858,0.23532449511380446,0.2529562234422931,0.2301433370656053,0.20047640418363202,0.2596221418820024,0.24262532857873848,0.3443803882027821,0.28970931070158623,0.2513682704077085,0.2743870692767353,0.32300228014887,0.2851975261087823,0.32423313998393505,0.32567814954011776,0.23913024414602102,0.21184234219272532,0.19771604587159752,0.2538029814130491,-0.21973969906190458,-0.1577251894757878,-0.13860145959340578,-0.29925116379242966,-0.23760723017725624,-0.22748968786887405,-0.2696471828480938,-0.23303502414816188,-0.25608907989746466,-0.27074015682955643,-0.2607429780780146,-0.3002728591688912,-0.32855969377371935,-0.24697501716610742,-0.1993303294671528,-0.21454280098415268,-0.21423026714492396,-0.311895398128271,-0.15815492314776886,-0.3016840313980953,-0.24383598577969048,-0.3283618564420615,-0.27000044263154127,-0.2634847415897261,-0.29442333924038167,-0.2696742182431186,-0.27482998880933335,-0.26680136374156427,-0.2580468799185916,-0.2565478121575732,-0.34525516479043317,-0.2697435102753617,-0.1974135847713634,-0.22152620331646622,-0.20659270107557925,-0.23160877459321022,-0.20228591783962052,-0.3186516128534376,-0.2752930575841983,-0.17711238611358585,-0.2664627235878028,-0.23731013920849117,-0.2525411648008581,-0.26841565156707753,-0.2885158014882119,-0.301210797080731,-0.28531946274596054,-0.24308658493295895,-0.1954070139968107,-0.17542556908828924,-0.1775121236068302,-0.3426189293495358,-0.31439997518936347,-0.308180823012797,-0.24608187661768494,-0.33665190337695006,-0.2701516169547759,-0.2641927291432774,-0.31115142468657403,-0.2699518888477434,-0.2750367831182731,-0.2687138266083171,-0.2363668031049681,-0.27124619065525024,-0.3184554416162469,-0.21868134704317965,-0.2959821229620948,-0.23020097148169003
2,1,0.3,0.0,44,2,1029001.434,0.2769674443380577,0.15285431120258156,0.16211570565035274,0.18048614615993108,0.2764229854367604,0.16278488220547935,0.30718809646875367,0.23134578292447544,0.2481707137602434,0.24537080242878306,0.15013175448998164,0.16535527187027851,0.2227686996710978,0.2264563936116753,0.2766415487470444,0.24862877829953683,0.2081350240444406,0.28338609378041374,0.21667925284394282,0.19386749318505184,0.26839132595173587,0.26494193715586356,0.28739773671929425,0.3131266750133551,0.2875494998157411,0.25203185759051083,0.3072020378857002,0.2933653436594106,0.3075744556190142,0.30813808161368517,0.2859838896422429,0.283503858000406,0.2169067233784922,0.24519627038271405,0.2811002248987935,0.27735636731920693,0.21758576154388498,0.1636055809869964,0.24431771910605146,0.21300103230135198,0.307779407668066,0.22660348084177595,0.21756064645521236,0.25916715456219763,0.22836936446031766,0.14519578237919714,0.13482167164719844,0.30462201649838444,0.2038711441077701,0.18332829138364065,0.2167221527835518,0.2801528810689316,0.23121600253645824,0.17898816246617041,0.26309738425328216,0.28195091900988556,0.29305807716568555,0.2997846750205927,0.28882686408209973,0.2533372358783363,0.3076646925901695,0.29193799994235264,0.3035903553718011,0.29504028377881575,0.2569977134388343,0.2922401957621194,0.25848316355293754,0.21645949320051489,-0.22160338787838454,-0.15117055450822697,-0.13626182484497043,-0.2572154262965293,-0.2465150534841482,-0.17999581836825526,-0.3049087659371441,-0.2502719670501001,-0.3188216347613532,-0.292159683129458,-0.15297891398476876,-0.24577531836843153,-0.2505320100267902,-0.20148881237134406,-0.2772572848055349,-0.18844435602184104,-0.15553275432271985,-0.3079684762862448,-0.19263689081050228,-0.2721847994279253,-0.29025722827694894,-0.33420689452028196,-0.277437616505178,-0.3018762760842473,-0.333677145362205,-0.27928336138441495,-0.30339574067571234,-0.3069309640398321,-0.27382584997646114,-0.301306202538341,-0.3124119222456821,-0.2773375711219195,-0.2467793115231181,-0.2581423969655454,-0.2244297451817052,-0.3234946621371522,-0.1618903023236245,-0.24867569550601487,-0.22450226337893017,-0.1568734840209137,-0.3032819156352743,-0.16309864524281031,-0.2689669006868931,-0.2967582534519999,-0.2692720820574076,-0.23416929527381633,-0.18561426781487614,-0.2672784248565491,-0.2071675871036088,-0.15349594257872073,-0.16300774703748946,-0.3140992015055987,-0.19054979228984828,-0.25239883998054546,-0.273807886496137,-0.3413691524704645,-0.2800626416764474,-0.30542495654082946,-0.31451239813756615,-0.2802125263133884,-0.30015914840016045,-0.30661968477859264,-0.2714465943187685,-0.29276837499801,-0.2676771603532934,-0.3005180594263055,-0.29945982762270473,-0.21006338137744152
3,2,5.5,1.5,39,1,1798650.755,0.2537791610894651,0.1487054027649758,0.24745615989393657,0.20974433752527116,0.25164874919573704,0.23055019921086697,0.29746105387768396,0.25408853015920024,0.26152459675920253,0.19848924267080323,0.24084795825203986,0.19249696808833622,0.24803878549597036,0.24168240403230584,0.203249572406276,0.17620693577872443,0.20654737988521882,0.24157821848950084,0.19162999625037452,0.2072745788038639,0.28572431327193226,0.23685237705966605,0.2910472440115535,0.2693854181911091,0.2574742240105906,0.25717103116843665,0.31602552303406256,0.2821248572757978,0.3003714483770109,0.30235711614216493,0.2711331431820206,0.24587470138948628,0.25665448060338286,0.19964346797314145,0.23578706904238678,0.2166021579611361,0.2268767716905487,0.20397863863680682,0.22668101533321364,0.3059229025332891,0.2917850808250592,0.28995746967366653,0.25376531210222464,0.2434893453773545,0.23101698178425123,0.19490893279718685,0.22461741851135245,0.29486440450698104,0.2413220858738178,0.20479017734719865,0.18560901774821797,0.258949094193431,0.18858091530582716,0.20313675750493254,0.2783110232348106,0.2542631140666915,0.2879052830472583,0.2661001547280397,0.25573933792162173,0.2620184503387583,0.3168871980606048,0.28830229456177736,0.2935657592612847,0.31499846861129627,0.26409334231880405,0.2709747182399622,0.17882100258517722,0.20671649218886365,-0.20509645885350108,-0.15242631752371735,-0.1972340665247118,-0.2911645234784671,-0.27355704303698464,-0.23731239867934362,-0.27632229279798176,-0.23271306357876737,-0.32948371988641695,-0.2510637707539303,-0.3112957839290048,-0.2720314132564149,-0.31667038368723277,-0.19277691843835904,-0.20173002942043378,-0.19424314441799032,-0.16810861592500637,-0.27170669553056725,-0.18917908651869644,-0.2867459982828438,-0.27588038788563746,-0.2547907374883096,-0.27382253368593634,-0.27619205672694,-0.26808863904163793,-0.25852408991230497,-0.2924640482441598,-0.28094639382153747,-0.25179482658578,-0.27528669716675336,-0.32131619943992284,-0.25130904839579327,-0.32185011854360784,-0.19933193582263053,-0.18941659442595088,-0.1850808698801337,-0.1932438182569258,-0.2772519997098119,-0.23647021286619765,-0.2801129779293869,-0.2770791304624298,-0.25574830368973356,-0.3192740823608913,-0.27316697648177135,-0.3106804051748286,-0.2735748077080117,-0.3008477266141086,-0.24754627032060308,-0.2135601727182015,-0.2023760159367252,-0.18403118668494442,-0.3062593730234977,-0.16330804182953987,-0.28287066380981835,-0.2701430446496874,-0.3106260125203476,-0.2738564632532486,-0.2759606439504074,-0.27423529925132506,-0.26435897039310136,-0.2890341010533615,-0.2849613946856964,-0.24635109211710846,-0.2836885729623658,-0.337870488132824,-0.291359567345214,-0.17665119945744556,-0.20578106598247664
4,2,1.3,0.1,46,1,1667457.531,0.21932000136561003,0.22809774068950353,0.1704522976897996,0.17746527013061233,0.278657246890575,0.22626458105692676,0.32388255485180173,0.270373536640255,0.2446657997200927,0.26685846988247813,0.275415213240723,0.17204722212695353,0.2353626402167932,0.24357659422648872,0.20690796209112586,0.22585821596009126,0.2508843500022248,0.27297776703980364,0.16369321788000007,0.15464851336071544,0.27433428103009,0.24638020283419151,0.3236163228044195,0.30850038433036614,0.28924644866060273,0.28713588723397615,0.3196926575159443,0.3137932503387447,0.31474647496925406,0.31310616217569837,0.26868722003140516,0.2846028112001964,0.20493480330190203,0.23237121234081962,0.19691838514921053,0.2518332578174815,0.26862195133503575,0.18928971922398155,0.28126869911350977,0.1289463833359332,0.3138246960775212,0.20595078558314756,0.26240218036077806,0.2683828377734171,0.2048390023656907,0.17072115246937433,0.27265854575004256,0.26845991477921677,0.19542658787262515,0.26501123372819513,0.21067742451352103,0.27640653044064645,0.13223767270144654,0.17621056345898553,0.2643659533944254,0.20813730618735798,0.31922682221752424,0.2691140103152861,0.2921240686291864,0.2632281203358435,0.31831031875501503,0.30179342206718823,0.3003835434635442,0.3202927401666415,0.278724459210879,0.27815113714172024,0.2306627626609542,0.2430468192065567,-0.16601012125766323,-0.2618575518079566,-0.14620401585774306,-0.2518417774306347,-0.3035139848134366,-0.20503576525733538,-0.29464415466862115,-0.2166064629819092,-0.30166903836870074,-0.2956779657125927,-0.3286204285389444,-0.24201128551469323,-0.2858700934149751,-0.201325030477498,-0.19417274419115965,-0.19013355660182651,-0.1925513381419383,-0.3056646799785229,-0.17384199684308208,-0.23541851705066286,-0.2885218570411661,-0.30773636762278145,-0.2977809916471759,-0.30548595242264176,-0.31956954431232903,-0.29533754069884255,-0.3087827432993747,-0.3120179550281531,-0.28407956502473036,-0.29989869444161604,-0.30021043970010447,-0.29237932555803836,-0.1692132734589523,-0.2570666114500974,-0.15114518063793037,-0.3191894478411815,-0.2122365135367115,-0.25711671078232096,-0.2839467495340819,-0.14433889177916437,-0.3020560931580831,-0.16591949422043772,-0.32405505727381684,-0.2946970047005859,-0.2623516209074759,-0.23716361779806208,-0.3308533255778077,-0.21299088575481934,-0.1964542947639672,-0.22225521980643503,-0.16733834878481424,-0.3216306032561887,-0.1623616402393061,-0.24808860294595547,-0.28384752681502873,-0.26553358723598036,-0.2972704444083427,-0.28161783840352234,-0.31602472486980854,-0.27815975051224034,-0.30817663376647597,-0.3060476189534586,-0.26970437707023276,-0.2909496289162174,-0.3163744096045527,-0.27194062725778656,-0.26633996172198454,-0.24721816006804048
6,1,0.0,1.5,46,1,1164399.58,0.21444754358721177,0.230375826401555,0.3219958383895015,0.194718119192824,0.22918427570640965,0.2612816694714309,0.35218018992839034,0.31371545502975356,0.25221378218862417,0.2987978138576489,0.1638941088603428,0.16990180923110787,0.15578060679885128,0.30485647294706103,0.22728730479354398,0.2680213706475024,0.21087277317902245,0.27823789222239115,0.27676333869485403,0.2264895476999711,0.3014006040227156,0.24583830680308794,0.3564270324632724,0.34316919289756015,0.2796462064564704,0.2387596501636693,0.35541485383358984,0.34233778964029593,0.34981340684670326,0.3400991123003835,0.24869738871902033,0.2500689823516783,0.2112689739466375,0.17319556519749318,0.14018487696205126,0.21048812270003642,0.3265539120157457,0.22324261163318265,0.21399713825715547,0.33887482672223024,0.35033434364903127,0.2614028890901501,0.27992981411689405,0.3054735047571677,0.2011532807890647,0.17461209814856662,0.24718311175821361,0.33389350443523647,0.19060200300198946,0.2561490100975521,0.1827870783461096,0.27756102888091144,0.24702289963946078,0.20620684317002416,0.287638860083061,0.28220479523131553,0.342509903378388,0.3499518393804122,0.2470075521908618,0.27573157855692365,0.35546426018902727,0.3403901877517554,0.3207321619026642,0.24813601452710754,0.25036312763227936,0.208850154633864,0.2764882292844145,0.20911526132288022,-0.1770842436416536,-0.28897211696365077,-0.26315419094550724,-0.2300584981655096,-0.26253310962583454,-0.2263413146893235,-0.292377763713986,-0.255018068081986,-0.33786896430655455,-0.2678624684858229,-0.17586413407077028,-0.20427779892000245,-0.2258414632590445,-0.2468792204058065,-0.2789980243261226,-0.2391756136465418,-0.17134833779472133,-0.3543484453101703,-0.3632239395561462,-0.29941745796831915,-0.2724160960249137,-0.3143515821830786,-0.3000998426045733,-0.287225411330087,-0.3658095941529092,-0.23275044137092785,-0.2995046011905241,-0.2934469661100409,-0.289116590803121,-0.2853811932326083,-0.3374452769072338,-0.30540061564110865,-0.252159099386851,-0.20779098004747715,-0.1252679445992444,-0.2663930254545137,-0.2692881930675347,-0.29046218491173903,-0.23791636731844398,-0.2759768283422464,-0.2963487303494259,-0.23340390844937156,-0.3653176796891049,-0.27171307646806914,-0.2712581138675182,-0.22386879841248697,-0.3404662097303205,-0.2753778921896008,-0.2335340445951631,-0.23374247545907353,-0.17271496876329817,-0.36341156797066154,-0.31727272631542636,-0.2686529378696463,-0.26384270470222326,-0.3599685366188549,-0.29317071685275853,-0.2928586106014806,-0.2947629554893318,-0.2559457728293117,-0.2983320633489912,-0.2906046156109562,-0.2585687654073847,-0.2320713153660553,-0.3167792336214599,-0.23368285621048315,-0.36990775641543283,-0.21588330107568274
7,2,9.0,0.6,40,1,1464311.501,0.2528365120670005,0.15297102204054122,0.32308597673128436,0.20261205401220952,0.2623173434914845,0.2893472714315167,0.3332050379197745,0.29610199354439876,0.2380321971567609,0.25034383829252593,0.2526574621489984,0.1605739631528617,0.2675844576735579,0.3154477108427508,0.21764584736905265,0.2302785287478837,0.18672141510789295,0.27950855524617796,0.2789308077507982,0.18110720415543893,0.2838924753433113,0.24488990876932912,0.3425615509618087,0.30652296757383407,0.27095826746655527,0.2645444067713484,0.33641385694552245,0.30028552499678934,0.28838629043575226,0.30986503110819397,0.232884606024585,0.25082849372290233,0.19850272617079462,0.22300991827850938,0.20742633348750447,0.2002274877519346,0.20905631992728094,0.18165454847482418,0.2690825617009498,0.3312799476713323,0.3027057115752946,0.19656598682342957,0.2827034579925007,0.27085243111165846,0.19550670134705125,0.16218547885230936,0.24894746425208547,0.3065748550740325,0.23587117463880067,0.23784253042360104,0.19441219313253788,0.2289531531114989,0.1538267176312133,0.16132518470434506,0.2974968469615767,0.229849144024673,0.340942497320282,0.3042037948656061,0.27168093930233816,0.2866365653711413,0.32454226181571466,0.31176573127046686,0.29241788932654683,0.2971292650359156,0.2716526709453712,0.2834131885784686,0.21410141603847513,0.21437412013662338,-0.19209131943843513,-0.15747527372794778,-0.25923699017199,-0.3048435476548726,-0.22383736186570102,-0.21588785581565648,-0.30492752686360286,-0.25585001374432037,-0.27684174004056,-0.285235851956945,-0.3072932901826537,-0.25374154453406117,-0.315709001326884,-0.24402180629503195,-0.15797718463631508,-0.16307689108909712,-0.17220876705405572,-0.33120998392320283,-0.28018712829646425,-0.29332519867889717,-0.270714250872837,-0.27358319530302516,-0.2963589610168874,-0.3026282750015235,-0.2512754385891541,-0.2920482700614686,-0.30362455350267903,-0.29546287388581804,-0.2092332461994577,-0.3023716889837969,-0.31147219423106165,-0.2604296968224195,-0.2082800873891502,-0.18045980823493615,-0.16435696250744075,-0.25132155236938253,-0.17771245389236673,-0.292188417740378,-0.255145639427931,-0.2778901458804977,-0.3043643657798998,-0.14929798750865222,-0.34636928749268314,-0.2891872198835525,-0.2509550777838132,-0.25564782030912936,-0.3328438148056403,-0.25031959363016404,-0.17070564904323923,-0.18084526667828565,-0.1995945162623868,-0.3144429231210148,-0.19274328010285327,-0.27068451365434915,-0.2796800346765849,-0.32653897868505183,-0.29320108138520024,-0.2996179053748945,-0.3122545236785874,-0.29749139113320255,-0.2976197010393674,-0.3056800525001185,-0.21468360924734983,-0.28678501253092764,-0.3553648408282896,-0.28397666807106836,-0.2891652266062868,-0.18682351942096595
8,1,5.0,0.0,33,1,1472909.196,0.27667763209843627,0.15770364947651394,0.2836689660531819,0.20303871208511737,0.24689500204001263,0.12067131432644021,0.3012324230680876,0.2667703728600234,0.21421716555132223,0.24390079068776835,0.1823778497714863,0.17110282740841146,0.20767435563869174,0.2792708626902456,0.21331173494416408,0.21441859227057436,0.24167398734228426,0.25345781330829104,0.23124063199751968,0.1924036291959377,0.25230910884226504,0.26780067048920153,0.30489614658272807,0.2826014290161739,0.2232730945493539,0.2554774354741226,0.3078632863212402,0.303481207800587,0.30334724511720806,0.30529327918399707,0.24042074538553015,0.24109488328933648,0.23767926407520645,0.21177257219389528,0.2649164655512653,0.19961694189266668,0.2803775557114069,0.19122493087044812,0.24699369531573176,0.15279148802001186,0.2846343818350523,0.21599765537363175,0.2241184704871193,0.23568039580604858,0.19028916713962443,0.17000948344237202,0.15658285968995048,0.26807601938819287,0.22463060176979358,0.23793921744618332,0.21371211523147848,0.26974425206364316,0.19367690002716484,0.17918993416443355,0.24902305763974641,0.21174768285289847,0.31833184472152426,0.26563013547547565,0.20159118016942737,0.24874003863812155,0.31627925393970513,0.3089384896880525,0.3025314417978393,0.3078834169326998,0.26539440226373423,0.2456469714363284,0.21286914322162037,0.23003679566833984,-0.22646311587369264,-0.20975418858472386,-0.23051225025123642,-0.29440505135385103,-0.23153210526398144,-0.10330993126224738,-0.29027712046351434,-0.22100866088594895,-0.2394524959745071,-0.25717624663400374,-0.22064534970291977,-0.23416734382734886,-0.2922835976366136,-0.22034290384066252,-0.1929826770083345,-0.21419904087145933,-0.2049054876915809,-0.3080708550509718,-0.2692056366479879,-0.2832669431699128,-0.23425872064457326,-0.32470798238854803,-0.27767576737304095,-0.2805719608059186,-0.2309236706330484,-0.2707181284995965,-0.291502515130358,-0.2929782890307275,-0.25029055116906107,-0.2759647678664491,-0.3009376073129623,-0.24407521279797859,-0.3181644997025845,-0.211065156267168,-0.23656759983583112,-0.20817386731054088,-0.22456732265846407,-0.2824106673651692,-0.2417884837988207,-0.15995250344879733,-0.28406346567759516,-0.17425955539142401,-0.25516318718646086,-0.2589550674427681,-0.23976323887929804,-0.23997957651920854,-0.23129618317601605,-0.2147310254754534,-0.18136682095958126,-0.22387690368183896,-0.1896662796276951,-0.3186139059725972,-0.1911769515695908,-0.26829201172146194,-0.23604258426769953,-0.23393407703495797,-0.2938931669907627,-0.2700330432985673,-0.2594026951458814,-0.2660732894490766,-0.2914483576877702,-0.29448078713514125,-0.24640781722394042,-0.2818757587881598,-0.33661477755955255,-0.2444038749026627,-0.28561284152633354,-0.2087158630874523
10,1,3.04,8.4,47,1,1282367.848,0.28171640527800534,0.23255127177150983,0.2560222163538719,0.2034822373145327,0.26921890517989033,0.2798893435450675,0.3126935463419014,0.26678474423242776,0.26554318788868403,0.25124583315399956,0.18633508256996809,0.1826905267831923,0.29187785424829865,0.29988786282369434,0.2552492766271892,0.24292038459876006,0.23964336357715318,0.2760787939853847,0.1636228376811931,0.19938605786575933,0.30856118413761735,0.24867714675252436,0.30858583650134896,0.23412368717009646,0.2433560576535887,0.262188601559349,0.31551288134304795,0.3070745944656023,0.29449588592923487,0.29386528109048843,0.286273191159426,0.2702747377368954,0.1851028576652418,0.2360206140691453,0.16775322919284377,0.2306181330067971,0.2268481262280452,0.20107232038659065,0.27282669752479416,0.25148728005290355,0.3226472823623185,0.29806384440017547,0.2721096515298517,0.25935211593922974,0.20722169477469993,0.16791186106650258,0.267285361705297,0.2930156500579237,0.2516895056730202,0.2406728550281901,0.21379346567522195,0.2765191822724493,0.2224403240965329,0.19527216131420164,0.27387235100096374,0.27926195166121315,0.3066967112182707,0.29230199809938606,0.231385621725513,0.28346654097930135,0.31975614224863796,0.3129489818458394,0.29848264609641395,0.31309683145975714,0.27899487066917944,0.2944541901059031,0.2248949682059579,0.26026203759470495,-0.2317496618584753,-0.27317884547629906,-0.22940895772663428,-0.2794700617761975,-0.2542808609950314,-0.25004820128963706,-0.29742845611192403,-0.22319441068458795,-0.30909383113764777,-0.2871411284450816,-0.22910125053077743,-0.25126697921644314,-0.3423651992975902,-0.2553116682167709,-0.25230649369378033,-0.21858890353032778,-0.1919855930238214,-0.3315188804064371,-0.1823771319914501,-0.27413214740793584,-0.2994769046987607,-0.30473738627618285,-0.28284991401432197,-0.2778467918637178,-0.2530428643003252,-0.28256496994271074,-0.3062069213386907,-0.307237429806804,-0.25349848645241757,-0.27854764872710597,-0.34513002693577205,-0.28104010561286413,-0.19546914360052536,-0.236976903795088,-0.13791231765026057,-0.21999673369543563,-0.2046747829758481,-0.2817313545921358,-0.27065961479459855,-0.22439764138008983,-0.305126154297109,-0.2526328778903051,-0.33278236988719395,-0.29079992483024936,-0.28285823774468294,-0.24458808149208738,-0.323125624833502,-0.2478705493727168,-0.24185241743778194,-0.21068015297839904,-0.16938916866365472,-0.3334212758742998,-0.27061201704755944,-0.2699162761592957,-0.27152421833247437,-0.3198863242297413,-0.28321104853823653,-0.30566691165433235,-0.26981189985410725,-0.29915972808568075,-0.306457294357213,-0.30878343023753796,-0.25137233853654756,-0.2953976870013642,-0.3407283338139569,-0.33604991925075756,-0.23920389095588415,-0.24899927884134132
11,2,7.6,4.0,24,1,1735331.627,0.287935679384602,0.19554104735959024,0.3126340237373462,0.1908867624442097,0.25754924002073437,0.26822927466752405,0.31435767076219023,0.2510579801068015,0.2709743687016409,0.24126421568312087,0.27703984509361085,0.1707319540870964,0.2539133852479242,0.23285325263795478,0.2623025840513225,0.21559997595405794,0.19139866925281493,0.22413414492175363,0.18988836708367168,0.18178095784129294,0.24723296672357073,0.2683846813872422,0.280388281109336,0.2725311840094123,0.28679351753310367,0.258756782176591,0.315431979868815,0.29350764826554504,0.28362164316775607,0.3129224934333644,0.24208165767404788,0.23869174873573673,0.21404303074019407,0.25385426849055853,0.16877682055570842,0.17137034633608966,0.19195686737225642,0.1790701387580896,0.28914506686770997,0.2665978527477507,0.31463066428469433,0.28658752300439255,0.25592661674665346,0.24200848504344755,0.21421035451118925,0.17979023995189816,0.24268613003703504,0.29601928493473956,0.2489222407390177,0.2475781447889553,0.16807699689763833,0.2281740172908436,0.19955586273410952,0.18739101097772876,0.2502395971876468,0.20908579572007024,0.30514994564316406,0.2796633804414399,0.27653227869381736,0.2740111631146353,0.30752535614807386,0.2966348249223245,0.2827387255319657,0.24954385163250953,0.2403934673560197,0.28950853372268764,0.25706344962676403,0.2584128881405731,-0.24052243741635027,-0.19782835609671084,-0.27952089935268976,-0.2769316290684097,-0.24611733880864411,-0.21761674755352642,-0.30820192609945557,-0.199320614025133,-0.3083515302226452,-0.28246093258671584,-0.30082028752079293,-0.24313242261564122,-0.27668934073991946,-0.19654110683934922,-0.2459137798432633,-0.17920426284546664,-0.1703246296893742,-0.2832189570034427,-0.23234536314753892,-0.26431765276293323,-0.2516174359284417,-0.32912072395459474,-0.2562882597958849,-0.298548564949955,-0.3005029136877663,-0.28780440095149395,-0.30465898228956223,-0.30581785623868407,-0.23145278362702226,-0.3032972793785093,-0.2975584705852263,-0.22602075721529322,-0.2055326269842819,-0.227644578066556,-0.16118632205787695,-0.19786442720946967,-0.2059433161920308,-0.26343196348447195,-0.3117700607723163,-0.21269726408990144,-0.3063207266372327,-0.2467227433463243,-0.2907091824095011,-0.2870531228117327,-0.27892780295706443,-0.2541606066394877,-0.2938945931400908,-0.2494798482585495,-0.22090741869790195,-0.1988392690309649,-0.15755877151696154,-0.2897712305795563,-0.25814581102231215,-0.2728441415938925,-0.24422435433679696,-0.21672182381310678,-0.2706126888795156,-0.2977846986750481,-0.28568433772968593,-0.29753575138456856,-0.30130319247771126,-0.30284129878116384,-0.22839575008406152,-0.265872496396833,-0.2980593873448011,-0.3019722087736751,-0.311308886262232,-0.2176001138320906
12,1,1.3,1.9,23,1,1600855.4,0.24795601488442293,0.14912440561102933,0.17361407983785557,0.166795600886307,0.25700694668615187,0.3209844942390034,0.32583296106546644,0.26489315981644623,0.2390444978703774,0.27213249648356824,0.1792368554271609,0.20172935233561187,0.19447649954055848,0.2123101588361806,0.21935051307710732,0.2253351510569012,0.19592827387135192,0.26854820006049795,0.16401638425934736,0.19229149246985272,0.2839062773157335,0.23840736614179522,0.319867833486869,0.3086994958006521,0.25772077419314277,0.28882955635409985,0.3337886999637083,0.32171202206758853,0.29953906825538335,0.3163570884262487,0.2621437099736414,0.2803000772613951,0.21543506664984974,0.23161598995751856,0.2500464652709981,0.21340048279299936,0.2865497746988796,0.17321313837892952,0.28006854817046384,0.2846220270091039,0.32656257527520843,0.2769952187289533,0.22174680067692953,0.2891835284278925,0.16574009408913531,0.18511826326943123,0.21442613638328695,0.30700861427771275,0.2372558261928971,0.17437793291553996,0.2067451475624558,0.2398943640027016,0.23863737911847688,0.17383906393192797,0.2545070297965594,0.23802894394967675,0.31512130802447474,0.3187827791170407,0.26114407752538954,0.2751907226618872,0.33203200409716754,0.3165415736693755,0.3033269954970012,0.32264610027920304,0.24218074691967492,0.2769246235891506,0.19903941348208856,0.2511536203121944,-0.17344411677424657,-0.16846794560971598,-0.13585089482199092,-0.25713982708569577,-0.23351600416596466,-0.26545401574313415,-0.2970790445617774,-0.2191839103104397,-0.3184392928116356,-0.293473438846804,-0.21627134221724165,-0.26709706613600503,-0.24514169719226775,-0.17651842083125868,-0.20081506989667522,-0.18453136665092434,-0.15563145581924975,-0.34297966783029,-0.16857682242254096,-0.2556619810066636,-0.26557859935028566,-0.3142231181244945,-0.27453273068204176,-0.2941440836375578,-0.2666022235468331,-0.2921849408067077,-0.28333436516145494,-0.2999259513925012,-0.22071629164653733,-0.2587290683493848,-0.3485124500949995,-0.305446447101827,-0.21717906504976645,-0.28591643436725467,-0.17827413669681536,-0.2817036330827868,-0.2055488014767001,-0.2602000536675798,-0.29986001048366917,-0.20579031405866846,-0.29070546216006654,-0.20286608434354664,-0.3088318324958015,-0.3000746224837108,-0.2639766729092559,-0.2590788828367486,-0.3000271367422933,-0.2365331167162982,-0.2319070611144863,-0.1621397775474529,-0.15276034228766344,-0.322322194988178,-0.28796815149705146,-0.2504207549618458,-0.2507464708202528,-0.3291601251061101,-0.2687076571479746,-0.2999953050638802,-0.31601053017584635,-0.28164691912502643,-0.2815551489292651,-0.3052357524509158,-0.22209974580271835,-0.26246362773875576,-0.33146887006791,-0.34435783065509545,-0.19847987846421,-0.25380410080584864
13,1,0.0,2.0,33,1,1434115.26,0.1975801363799196,0.17493447083949237,0.25447323039190134,0.20719213064260988,0.2638137861978385,0.11828010779148783,0.28746018017415587,0.27406108002340035,0.25947138220259475,0.26436663224129825,0.2019501382390835,0.20450737659370424,0.18988901978509892,0.24008031223989834,0.27190875838248135,0.2312943617879669,0.23793033676867464,0.3006491731501865,0.1537152276800585,0.20188672101982705,0.2695137800377736,0.2138502262119636,0.2753320166740689,0.2708312425446098,0.28121940980022764,0.27813800596552724,0.30705353624276455,0.30148170801108104,0.2481274353932611,0.2830517806123782,0.28328571193470103,0.28115646844755976,0.24444253951418052,0.22676385402540775,0.21319901677111533,0.2382565295734317,0.2563606827700848,0.20305552365542212,0.25913603746831343,0.2129944284542921,0.29006947662295174,0.12337069906080962,0.2588227660799504,0.2668721820533153,0.25178135856414435,0.19249178551440996,0.21305100581845643,0.2621158714768693,0.25061561261033205,0.20723956898623488,0.1447813210664702,0.2912053467142034,0.238201812994212,0.20921812020635908,0.2680703064251912,0.25130332391105303,0.2888792632189754,0.27958967290127096,0.2388973540206846,0.27416582091802344,0.30704541920370937,0.2972198643191634,0.23856533753513165,0.28227213501716075,0.24360174050397643,0.2390543667087491,0.2881019546588701,0.2232578152137359,-0.18234589492522257,-0.16482745359861278,-0.24917092469847335,-0.25528941503042085,-0.28126395778202123,-0.14712256454634423,-0.3022549568118614,-0.28659632118892225,-0.2900411223590847,-0.2935859181253066,-0.244605435298013,-0.25397638045294124,-0.19682340058369796,-0.22406918497708322,-0.2727368050380847,-0.21497981381320103,-0.2208182129079599,-0.31325862150572886,-0.15101508155313875,-0.2505288854747618,-0.28107258442649385,-0.22656587363875713,-0.26849057962968065,-0.29703388206836046,-0.286082468211814,-0.30038774904581633,-0.31177567687834906,-0.31660169592870846,-0.23289513196830455,-0.2849084210235042,-0.31028532665742564,-0.28101305487079387,-0.26278494831132854,-0.23413043252412236,-0.2031408581426924,-0.23235254533059388,-0.24299916867801782,-0.2507637630753256,-0.2494020756369991,-0.25111590988241284,-0.3042364726940173,-0.1280982722155673,-0.2810978179106511,-0.2967862637712479,-0.29058224621180573,-0.24185119123904938,-0.25703214145157843,-0.2462958198878927,-0.25742215483603365,-0.20696620829667806,-0.14482822533210474,-0.3164115480817113,-0.27176487378647574,-0.2590775603688772,-0.279970963020626,-0.2645884578179105,-0.28620748954212694,-0.3032052741031139,-0.2612247010220517,-0.29835679509737034,-0.3124077094992576,-0.31497022790695306,-0.22262963748528997,-0.2939835623835156,-0.2803147983011834,-0.24073948421080493,-0.29418167547141455,-0.22425392111735437
14,2,0.4,2.6,39,1,1445594.705,0.23564666068264156,0.24580607758433948,0.18873551659936585,0.16715385650018774,0.26735701952865537,0.20906767237348317,0.26318592342661123,0.18503572261901194,0.23786833713459218,0.24240949335279374,0.20902722738974686,0.15657109154769294,0.19324725809004506,0.21151559388252583,0.2322045039882172,0.21529227775417636,0.19072688051218795,0.26604781317409487,0.24095516101423495,0.1911034264931345,0.21750172256348446,0.25308361467539986,0.2112931784868074,0.22925883062881433,0.27390002689604476,0.25072816015915506,0.25801406604710414,0.2570815059218278,0.262851786699684,0.2727816336892037,0.25488479221717847,0.2416043588593463,0.16392647338447683,0.24945516535658546,0.2244990417802957,0.2503354394857858,0.19852297604436944,0.18377243430023063,0.27416760286774877,0.21797329575254298,0.2665433839642985,0.24412512860907112,0.23571817135438908,0.24320645309590722,0.23409175306112184,0.15395258989392765,0.18458747475862813,0.23072136998675818,0.2416373523255021,0.1356156334263913,0.20960748568220708,0.25112473550832237,0.18306352811011886,0.18508556854468236,0.22940073336195665,0.26364230087247026,0.24300560147964548,0.26838218338451825,0.27902599747804735,0.25185942144660545,0.2589224216322644,0.26157703761279355,0.26562904566500267,0.24177934287605962,0.24772904212554508,0.26907566215907514,0.14545473219986577,0.2418360969116176,-0.19288537462141878,-0.21939801731258476,-0.14576684330393588,-0.24672203373481902,-0.2535729017695083,-0.17346142037451323,-0.2635398255285315,-0.2070284722447668,-0.27228931853494526,-0.2969645168051285,-0.22481107319136742,-0.24627224197644812,-0.2332292014663671,-0.17004470482923262,-0.23417026109328212,-0.2268568226816732,-0.15682680326115045,-0.27899230341484016,-0.19840942713928195,-0.25675205205140256,-0.267202912005069,-0.24537489670253387,-0.2539394367226958,-0.2566343566457384,-0.2502050609298127,-0.28203772219305023,-0.2843607089358582,-0.293047156265279,-0.2423164703689114,-0.2711458475195083,-0.25056571053862053,-0.20565689947402427,-0.2147550751010818,-0.2458170859894883,-0.17659835606707605,-0.2024627841969118,-0.1715360455323754,-0.25583235505005447,-0.25710569289852275,-0.15642643970958905,-0.27868928311820657,-0.20637391010609496,-0.27437729646650666,-0.29872112486749863,-0.2538628488342566,-0.24191830138960102,-0.21250211418852533,-0.1855468178489267,-0.2353803602789686,-0.20340107243867533,-0.1689722957761927,-0.2613178043077607,-0.15178433164510766,-0.2574629635212735,-0.2674684947529069,-0.25807216148900847,-0.2793549654041838,-0.2773546081790022,-0.24332451599721,-0.285783818675142,-0.27770869021257316,-0.2866341358266742,-0.2390653463319064,-0.23505622080085778,-0.2697867756928333,-0.23708286840258094,-0.19012469253345277,-0.264103398240442
15,2,2.9,0.0,37,2,917865.8951,0.1768474626191287,0.2407817527015683,0.28666131774854764,0.1853127721353261,0.24809882558274213,0.1776662183230546,0.31728766208608944,0.2272562795150369,0.26485432653217283,0.28109628209652654,0.22117909873604594,0.18899704511068927,0.27027739639700527,0.2684351997536219,0.21151696873040635,0.22816028210670672,0.22937824124640346,0.23882095408113754,0.19263266917916025,0.17876043657692234,0.27294693619356436,0.19649913882437728,0.3226794335281684,0.33337707672445804,0.27031925187723854,0.30222347682245765,0.32462290558810714,0.33087721824993704,0.28963947792861,0.33289258440694935,0.23971040438139957,0.25882196957074366,0.2652810065140593,0.22109598940374375,0.20147256038826647,0.2559722398943496,0.23214487702026207,0.18338718641607982,0.25077028787019195,0.2734374153199647,0.3302841922195929,0.2384642477729638,0.27013433785406615,0.29213238866388924,0.17423622741489447,0.1705043678993774,0.1971474502361375,0.2735035957608913,0.20996445681775303,0.16492002200022746,0.21524017223990377,0.28759696326791445,0.28408363016978,0.17761472799704883,0.2532170555403083,0.20746651704101982,0.3350611792853534,0.3061818801448065,0.24195104836645576,0.2732644427694669,0.33432801459630407,0.3163617630717505,0.28496570544538924,0.30672399162476816,0.25306388267257596,0.27426984088327433,0.20994746764823438,0.21840048568235187,-0.16721005145269108,-0.28486580609251955,-0.2551788717754045,-0.23899126469794432,-0.28705868582354616,-0.1820886350235257,-0.29184791506571806,-0.20538565450722507,-0.330684897956782,-0.2710018538682624,-0.28272876118405843,-0.24786237642624867,-0.33046830015178225,-0.23501352302295006,-0.22169589021012914,-0.20518147999555572,-0.19896505397755834,-0.292945185457295,-0.2282379087861339,-0.22810323965606233,-0.2536802068517072,-0.23128396262311116,-0.2892985070793926,-0.30115764738715534,-0.31779000266647206,-0.28545959517352154,-0.2980507350216573,-0.30109599846948376,-0.2544296402566887,-0.3018468910592092,-0.2982466792727698,-0.3019774744125369,-0.3229983908631335,-0.2521491489674721,-0.181717961042695,-0.31255521924190866,-0.21767628684114393,-0.23564845231604112,-0.2768559250745708,-0.25527756181993705,-0.30180576699978423,-0.21663875098872235,-0.33902793072573095,-0.2786468088603837,-0.2328911016527378,-0.22109760073548404,-0.22268333486767486,-0.2411481853455172,-0.21893731055873733,-0.16259840025225267,-0.19024743146917364,-0.35502705995756456,-0.3480325107298703,-0.22870089607542546,-0.23993703402268945,-0.2557361620038449,-0.30237849965930447,-0.28538835736868384,-0.2584067687717781,-0.2675425523210428,-0.30490532175311824,-0.29217096961218836,-0.2509043144033424,-0.27986029304366544,-0.3128710379322775,-0.32095408748988213,-0.23664945176744562,-0.24337187238035998
16,2,10.0,7.23,26,1,1591991.418,0.2564783961512634,0.25454884834594255,0.31304520356723087,0.1815526003294216,0.21729070594960825,0.31305975170756706,0.3415603105701484,0.2365442786792742,0.20529734466994962,0.278703691106559,0.16474812085340837,0.17565993493871418,0.17687299908672105,0.2432599184345884,0.191793749735994,0.19047708027451224,0.2072198872434804,0.24173814140462438,0.17418468328985603,0.18750267451319053,0.26660151406948296,0.2197605295598931,0.33024944945838336,0.32247015343332663,0.2461146664780587,0.27925965809674047,0.3339316262535004,0.3305595863297644,0.31107747904412886,0.3350184682894318,0.26322003553805073,0.24848497897984181,0.20801878110134173,0.1994562908265548,0.2116873350542561,0.19548331486743406,0.17733313544204138,0.17294753193819337,0.2304029036682759,0.33487777532369395,0.345480654035485,0.30400684689399887,0.2516513918241235,0.3016718988889862,0.18214173517223464,0.17382850097711386,0.1873211184678389,0.29579430935189305,0.20619061479467882,0.19487754847429575,0.22299577832804748,0.25664883577331854,0.1908249033434026,0.18611294031327594,0.2720470308136925,0.2385632633033358,0.31540138107484866,0.32124432534550124,0.25885565629290824,0.29585320416454275,0.3358367359098277,0.32084000335398827,0.30679199666469237,0.34383951634825144,0.247854680765737,0.23242415789934978,0.17475014403976685,0.2073111864606887,-0.19223152159704676,-0.3358228153473828,-0.24064229837029014,-0.27033878446703785,-0.2483527186761977,-0.24699860075527402,-0.27043308801081584,-0.20958986275499739,-0.2943840166480863,-0.2665455266704806,-0.19540001396103332,-0.23477611525055636,-0.24271103250063406,-0.17467028306583857,-0.1809856105783232,-0.19001175247330243,-0.17176373836962952,-0.2973179699839867,-0.1631956104454226,-0.2612432812097406,-0.24463900877633035,-0.30239978195510114,-0.27066749258009115,-0.2665192997169589,-0.3394452638108998,-0.2610432136139238,-0.27644922072936146,-0.27465050711486716,-0.244726887258909,-0.26647547849014,-0.3580541168330105,-0.26017621649154166,-0.16311653141512017,-0.25465790574838154,-0.1629160088805991,-0.2624097633089198,-0.20825008938506426,-0.25450294100761683,-0.2569646980305304,-0.25704222350404055,-0.27451842055465225,-0.22817720988772966,-0.3575857149351468,-0.2737447823194379,-0.28496383613298415,-0.2501195234305453,-0.28332311272852856,-0.21976752476268163,-0.23060263080675258,-0.1733348082666649,-0.21636984336937162,-0.33854610359840176,-0.13862919813766503,-0.25840830995982383,-0.253277108407642,-0.3395545805604204,-0.2591943197321975,-0.2656749372988364,-0.35048569369791693,-0.2716123017010504,-0.27608005170780814,-0.2715368753517691,-0.24325572773018073,-0.27417704743769017,-0.34072793602155155,-0.27985754752108755,-0.21928978425990853,-0.24085085032857886
17,2,0.47,0.0,27,1,1286291.375,0.2765781998375769,0.15099316534654184,0.2729294708457924,0.2086903832794921,0.27295892629696,0.21557488761489405,0.2973376016567075,0.192212060035193,0.21404730471449154,0.2400562754116565,0.1732806864768579,0.20292491631048876,0.23697044783716262,0.21466569392228518,0.24782027320535022,0.25482155460941536,0.21097382158123168,0.24122927459140436,0.25004492700689823,0.20202745482865342,0.2727499798757631,0.24286447904588623,0.2916196902892918,0.2602447399546595,0.27977171711000376,0.27553220105238685,0.3014760543127497,0.29767801297650476,0.2763766907838661,0.2943742240392973,0.2578502510688367,0.2899664894355762,0.21733403919322553,0.27264319309067564,0.21773599665973387,0.21934513574849443,0.22643482435518203,0.20583805450188733,0.2496891316283204,0.24286177149760135,0.2862132171101269,0.25224851752425576,0.2180495074336538,0.2624552164066603,0.2166772512710527,0.17595015790589047,0.15837721634329394,0.2774450950743012,0.2538240021204837,0.26034496005072705,0.21715657838553215,0.23455483987944364,0.17926553953464533,0.20111466809154022,0.22322259935045635,0.2282218341339652,0.2943085507293263,0.28406315467231125,0.2755980052579567,0.2849562407324919,0.30148772676622854,0.2969615053969689,0.284096261906346,0.26210903693404836,0.24861197642910024,0.24084037858878768,0.22323596499383538,0.26346355568320584,-0.27757346002763217,-0.10969683358782222,-0.2598515819584322,-0.2824224852885252,-0.25965632895796964,-0.17305912046006353,-0.28604668138790673,-0.22564982445049342,-0.2638857318619383,-0.29297092058251434,-0.20162385301982547,-0.2773562499844412,-0.2762932754818165,-0.16304828375846345,-0.2256070339555715,-0.2190034037878718,-0.1906965096513155,-0.27559461005874025,-0.246298800078326,-0.27999850576917856,-0.29868495224383257,-0.28694870651269533,-0.26965487599993854,-0.3054274339608508,-0.2506733042215535,-0.30684473094805975,-0.2942160021228993,-0.2956321647930088,-0.23405672804504293,-0.28908524157583637,-0.30640075929282157,-0.30080701472451976,-0.2403463025905602,-0.2706648168861,-0.1885743536015563,-0.21622237790747598,-0.22057522244164604,-0.273970169709741,-0.23586420935886257,-0.20731667709383675,-0.3017933598309445,-0.20929991397611955,-0.24778966785286133,-0.30429262879097685,-0.28868108736640924,-0.25970684649390163,-0.1991453739635839,-0.23387093164725356,-0.22274006291065684,-0.2244290743677689,-0.1757274406103141,-0.2669756771404426,-0.2144864180159087,-0.27573993606246355,-0.24963725974549247,-0.26126659141338177,-0.2682398063100224,-0.3071201777414906,-0.30051035234679013,-0.30342877361849546,-0.29087757703838407,-0.30069095117733774,-0.24679641602650346,-0.26548105288749163,-0.3020524709470812,-0.2363126211037978,-0.23343189135232745,-0.24906092063981217
18,1,4.6,1.2,27,1,1406717.299,0.24065261220962003,0.23334888069009446,0.18952255118668657,0.17094311250022276,0.25831188506663133,0.28310914627110056,0.30993633031955714,0.2559773750996949,0.19782492477859048,0.2642650577039195,0.17308106206404897,0.16272557368720852,0.22586661408092373,0.271714673133529,0.22153766763003613,0.24746349124927444,0.274506468471565,0.2352256458476996,0.18766365673604835,0.17019811818334818,0.25370911547767666,0.24697750269744226,0.3094590807476805,0.25765439667684303,0.26182828680185144,0.2910383861196997,0.3082594687972279,0.30057680546181875,0.3062532111195551,0.30657450721139856,0.2482841737017323,0.258386185900021,0.12939079012250837,0.21879384095955562,0.23401567224685996,0.22273332588931258,0.22696697701322338,0.16854740614555394,0.25316839990987455,0.23235337343852486,0.299897578516913,0.25275127559092087,0.22057671355927067,0.2606687837593134,0.14436779015884713,0.1699120880868079,0.15895958024632859,0.29461632351817696,0.20822278593286983,0.2300565621947737,0.2084614592883362,0.226611210886869,0.16716199939839357,0.1698618830929879,0.2645804647912241,0.23915437760818195,0.3236137743116877,0.30718226399190884,0.2651445749990364,0.26838049392584334,0.3046970180141352,0.29690949797726846,0.31733117598752314,0.30169724787525726,0.24895582696903273,0.2547811496455313,0.15573326007844962,0.24618996401369736,-0.18546883749957896,-0.2333574709048595,-0.1664737530165607,-0.2638580067637787,-0.25955437355863686,-0.21153208696070985,-0.27446515173904384,-0.18856854705205908,-0.2315293392755171,-0.2810652883946972,-0.2521419459441556,-0.24741588390267497,-0.2830283948769528,-0.20326351528369338,-0.17371648455270025,-0.1860608640675717,-0.26589157011291337,-0.2965891555284082,-0.19922528765611333,-0.2661402878668247,-0.24509689381301059,-0.30843805918330613,-0.2791488639600313,-0.2811460876659059,-0.3065451647225815,-0.28570483016642206,-0.2784024582545923,-0.28266970088725707,-0.24721269506100169,-0.2774742174158566,-0.3217681449009711,-0.2847946114949942,-0.1518720675730519,-0.22869218085908477,-0.186011054614567,-0.2810644438644567,-0.18581888010731792,-0.25422344131989644,-0.2950069376462705,-0.20531095059651616,-0.2760186839424052,-0.1919358648826763,-0.2650346235298991,-0.28937250313912566,-0.23352462400903898,-0.24749547559940543,-0.21483807382176798,-0.22559686516155453,-0.2100584823394875,-0.17754492968823163,-0.20197835254391192,-0.2999407501819728,-0.13072315301786894,-0.2633420308520055,-0.24448117498351649,-0.28623039421525676,-0.27635281341197293,-0.2820908582092345,-0.31439811748433666,-0.29207051508936666,-0.2752438999851715,-0.2821339626230252,-0.2527046547128207,-0.26657008395898696,-0.3259774639655148,-0.2890345842262132,-0.19439429567983577,-0.22643814826072445
19,1,0.8,0.0,34,1,1589365.953,0.2661994792079322,0.23124148964187521,0.15099276109273352,0.1808611664695562,0.23923813619412906,0.2199634086523995,0.3252751729354272,0.22157384462070087,0.25175716707360024,0.2694777053178042,0.2258370039769452,0.174909624528064,0.25817452448710304,0.22500370804728062,0.23539907418717068,0.11537606284166226,0.20397541147064766,0.25873399470211483,0.25892926278018313,0.19041949159507482,0.28291610387576993,0.19698129554100308,0.3116694540276927,0.30411009642580583,0.2653993062077252,0.29857789074415886,0.3264990630803002,0.3110188605091795,0.2847411419946206,0.2865981063911363,0.2479324182854526,0.27641841253296956,0.21083750980991708,0.23798646622520656,0.2238685839268273,0.21445813706499484,0.2495822410086974,0.1927062372165484,0.26849633185667676,0.19552065756661557,0.3160704939005775,0.18652469802029545,0.20659844249718198,0.2760879666930579,0.19179335317212395,0.18813937342215026,0.23931095854665643,0.29458715778546374,0.2335817823129004,0.24702830632512862,0.20408671209634127,0.24604066395031252,0.22464378522519765,0.19669684582264496,0.23592716045230908,0.22309767852249876,0.3178399606240339,0.2864028110575584,0.2502861656927723,0.2877103540413859,0.3241090243476297,0.3094589643823996,0.2776641648430722,0.2723046603309804,0.2373450107070334,0.2757555861689557,0.20279491536806088,0.24368821981138916,-0.21686242591051844,-0.21159470239973607,-0.1447264895694717,-0.24866105629400267,-0.25209701201647766,-0.2449263974344656,-0.2911201045526448,-0.19853812740757423,-0.31607836092423136,-0.2849835247013096,-0.3047416057785104,-0.24200894818047472,-0.33198953722797736,-0.1818048447345907,-0.23525587731230585,-0.1222092427478964,-0.16715331231804342,-0.3037950482459371,-0.26288548432865866,-0.2548545529162544,-0.28562571984693724,-0.1851078529013875,-0.2921575960001474,-0.29468884694113845,-0.3024789676675582,-0.28918190126030435,-0.29651268072014936,-0.300619711896393,-0.23966565138626233,-0.28760237982267667,-0.2873467938931758,-0.2909372960571992,-0.2704869151502875,-0.26978646433745784,-0.18199367674901357,-0.23200778087091467,-0.20014379663410833,-0.27150593885024876,-0.2867887921291663,-0.18194824659936704,-0.2939133739781132,-0.1446974028644552,-0.25119658871782474,-0.28885373709202294,-0.2683219573307865,-0.2602988595624681,-0.3040844750351938,-0.2434230615356208,-0.23468386914237058,-0.21114623776012645,-0.19997602714520074,-0.3021399680435473,-0.19127785265526023,-0.25910514584163913,-0.25697078578557797,-0.26619983782892054,-0.29497959884447245,-0.27956687640684863,-0.2809062176235595,-0.28878924940925893,-0.29448271849882807,-0.2986478373762985,-0.2364591659981285,-0.26245612168967075,-0.29317889740951636,-0.29393021829123533,-0.2526116403991238,-0.2515046023335296
20,2,10.0,0.0,34,1,1426200.035,0.22111983885767608,0.1448621583331436,0.30472954430366095,0.18538181914372964,0.2357772271890377,0.25182377100735165,0.3184037332606307,0.3060128942296362,0.22595795424914322,0.27025341550456106,0.2033897486560275,0.1814554519270018,0.23549605450895061,0.27922353423953744,0.2260816394067596,0.22823547326922108,0.19494697281706308,0.25383838532389635,0.1789794446847157,0.17334027292730347,0.2624445213429876,0.20714354721275163,0.3145864641156329,0.30603079041488174,0.23215286198923163,0.27111162233802666,0.31935277952289937,0.30203449683481626,0.3050026619468808,0.3127053825839526,0.24112933941990633,0.2604936391079992,0.17043298669731574,0.22395711964757667,0.2439263437391799,0.21865116143794147,0.17712632511950813,0.17533883440979905,0.26952131194010165,0.17142168801743138,0.3162724922601781,0.23176417241129305,0.2449612645294842,0.26887227352483706,0.17374811325187908,0.19050537013258984,0.15796212524893524,0.2690815854742612,0.22721617028829427,0.24809897066532105,0.24587697448055665,0.24989763886681154,0.20803983159803696,0.18582004631166793,0.21955733062173927,0.1951829608504867,0.30364774513293735,0.3113915403513525,0.26738741312117975,0.27451998449564036,0.3211565042797057,0.30309792101783456,0.30182524752246154,0.23487792523024284,0.2193134234000623,0.22737260000468673,0.14216133293674252,0.23359017595414533,-0.18236003940853573,-0.11761343843083287,-0.23853268358245425,-0.2793228248187375,-0.2297024848042526,-0.21232754154916944,-0.2761689171577666,-0.24668984380418146,-0.27788429008668464,-0.27429573270670354,-0.3010483917074658,-0.25757844751313314,-0.3247362475218362,-0.21070622007451148,-0.19695616439510794,-0.19835756642462501,-0.16986550296374417,-0.25578357968670523,-0.20353883661635858,-0.26486839212668606,-0.23981656389499778,-0.23207750204921174,-0.2702752415498944,-0.27803061363679016,-0.2410174125284482,-0.2738838395382837,-0.2695555361430415,-0.2778179269565811,-0.23489296883733046,-0.2728129370347621,-0.3135338346050535,-0.2975149452270852,-0.24284132664314462,-0.2976915952346043,-0.19224591173206723,-0.25788007776120087,-0.15194380179685213,-0.26400187405828196,-0.30049018721062454,-0.13757036619752264,-0.2765271347486524,-0.18552476386416142,-0.3177414819717408,-0.2762139087559306,-0.25431177634434843,-0.2616140198173335,-0.25139914466920643,-0.20061788302345362,-0.20749296390717561,-0.1948152224513429,-0.19260723936613747,-0.3207453102967012,-0.24528411015126017,-0.28418384110982575,-0.22555331903668038,-0.22651358311435824,-0.25099957919730986,-0.25434514893088966,-0.29350433023367417,-0.2731842786323966,-0.26954135738780727,-0.27779105166412466,-0.23523674834269356,-0.2570257889080384,-0.3053343597166615,-0.2578454788942122,-0.21559686104380157,-0.23600249026638132
21,2,1.0,0.0,32,1,1744123.378,0.29154032159483706,0.17809848141476844,0.2999169793849304,0.1935774981313591,0.23097745566626426,0.3309278286010943,0.342276364850721,0.32062057579235875,0.17514864935007693,0.25746088525386557,0.21237277701372506,0.1714195999123021,0.23294958092124377,0.282472587868284,0.2464423840603624,0.2043734658218647,0.2051114168784103,0.2683706304871548,0.256456635382101,0.19384767267524,0.2361928443453765,0.18778331476570287,0.34624124430533265,0.33899283561639526,0.20650438924733142,0.2626706162021917,0.3439454945694087,0.31191117489348114,0.2965784799720764,0.2811953685000852,0.22884452589983068,0.22194575185793838,0.21741443882902345,0.21113296344287544,0.2505638788149219,0.18847718639111877,0.23765084676527767,0.20471816443404528,0.22546857101273185,0.2808301267228876,0.3369602298917565,0.23074109963836825,0.1899839299909614,0.2500804900384631,0.200237143547943,0.16709245660557429,0.20460490074788576,0.2997902744107155,0.2082171271023462,0.2198488434221916,0.19191101276664274,0.2705833074945371,0.19019647717097468,0.18560325281142584,0.2304574271846761,0.2143382543515103,0.3247836372375184,0.3251797762436757,0.2614643836339849,0.2987089332842704,0.3415036956215851,0.32806139860762873,0.30029078535549786,0.3397714096960921,0.23378164822274236,0.2305624117258227,0.15453316646892476,0.22610578582713825,-0.2301320764044049,-0.23217638157489873,-0.2338209422941607,-0.268337875272068,-0.27277730124248445,-0.27878137236399575,-0.29874861468478703,-0.272356895832506,-0.24042603632585013,-0.258447326793322,-0.2679543661219812,-0.24923398610610345,-0.3295145383262655,-0.23320718903128032,-0.28922346365962337,-0.17200393662238486,-0.2015680068269248,-0.33076101061789,-0.301810924115381,-0.2604523789540774,-0.23910584286883585,-0.2429365082442571,-0.30009597587346365,-0.2771494828132459,-0.26636211926053005,-0.2544911224213484,-0.29965623304968997,-0.2814730718477303,-0.25343262291586605,-0.24395090861050475,-0.2667468056423134,-0.23386718508167892,-0.23823152663699443,-0.25091712772706715,-0.19321501750602182,-0.2467157562746929,-0.18579875452492844,-0.2788461544337269,-0.2425836945391232,-0.21174260406617715,-0.2953886885132448,-0.209823156798689,-0.2724692551512199,-0.2528387730668479,-0.2702961153635742,-0.25232109802561925,-0.3033755192928024,-0.24293495498009549,-0.21487829162493519,-0.1884965776116402,-0.1386931500686914,-0.3302134117923277,-0.2087310517764857,-0.2501027572748047,-0.23910117510126053,-0.2933648437086956,-0.2838447744132185,-0.2730026804953885,-0.31796346546565973,-0.2762284937268098,-0.2983206460456583,-0.2906348892944256,-0.24674622846614225,-0.2860887209668507,-0.2768635579892596,-0.2533411197715525,-0.1653032404345313,-0.2589721801883522
22,1,0.2,0.0,19,1,1828687.324,0.2624774526228458,0.2328325798372859,0.23232821829669031,0.19497111490990532,0.27189739438749283,0.19586577506383576,0.27135465500714967,0.2440259665754117,0.2173871687954549,0.2206395723698155,0.2752054444075269,0.1995487117286926,0.25800515280905645,0.22636134142298067,0.2434935440721914,0.1824211372714367,0.24319003605214182,0.23252829222969226,0.19813331464471623,0.19308977967362376,0.2247764553392093,0.2504434916307255,0.26166256411040845,0.23939222247827274,0.31269414764363695,0.2764663922552047,0.2772289273952017,0.2677916129142039,0.2778956809971148,0.24364946914573676,0.26437935209611624,0.2942191287102671,0.21246766088460917,0.26872519724547045,0.25605111806060166,0.20905266243678117,0.25910863615115676,0.1962679806756709,0.2795080340249253,0.207044439869311,0.26491094371831125,0.2236292599634473,0.23274440483745965,0.25844428748510423,0.2076014555407463,0.18480567189379993,0.2281990225279493,0.24898153166849096,0.24476795482345187,0.17354352189789182,0.19339618108151735,0.22166224535393084,0.23851866727607599,0.1957679578387139,0.22581203886364246,0.24121778893975832,0.25916088736151754,0.24128275416741118,0.2539452644185248,0.27469349004913557,0.2747292125965235,0.26718261064103505,0.2768499667642161,0.26252075644069295,0.25026987370026665,0.3001212085877553,0.24318750983382534,0.2750656610596262,-0.1966542772795786,-0.16526491518540895,-0.17978174597116786,-0.2716350319619967,-0.2669618832161024,-0.22508627414539595,-0.3156599066365569,-0.21234481529697638,-0.2799780291256635,-0.30415667807502356,-0.22903543324675252,-0.2872411440237276,-0.2951102451504757,-0.15987714729149097,-0.2112180766874465,-0.21214096947564057,-0.1671022135353884,-0.21260335183043155,-0.1421414925338672,-0.27654985930685794,-0.2741446146915465,-0.26428253329544277,-0.27538244729226297,-0.31603298995576623,-0.2704912183041236,-0.30099975797719924,-0.2670042365517685,-0.3221166324775936,-0.23348548364165259,-0.2760656538719506,-0.28655683271253923,-0.28852748806961453,-0.19322020982240853,-0.2552806914057113,-0.19457273564177738,-0.21609067023880646,-0.192297626391575,-0.27241024389025903,-0.28810260655143316,-0.20127780880918103,-0.2879145772301282,-0.22940188788516594,-0.2958215197168309,-0.3269227909079241,-0.21006860860337206,-0.28522920697214355,-0.264638226999739,-0.19399586887139522,-0.21248266050643583,-0.1642069419279665,-0.13783278842977392,-0.2211126375819753,-0.1858206081779218,-0.2733105889596104,-0.2757419723353802,-0.29286947679038433,-0.266844772719231,-0.3232886464675642,-0.2793482712594829,-0.3097828235273789,-0.27227149647314236,-0.3229239163977533,-0.22624610216490637,-0.24382471965429892,-0.2806918820725124,-0.24977503578060908,-0.21518453613372018,-0.21616979214490584
23,2,0.0,0.0,42,2,1497274.139,0.19900822958848338,0.26006479944803107,0.24032211679820928,0.1888839509675214,0.277447722275072,0.2606747217623238,0.296695534562694,0.21417002265024424,0.2828833046109782,0.2444626140737615,0.24647720576538104,0.17913386102946213,0.2024578878610217,0.17493255646074962,0.21849022585312575,0.19466629165042956,0.20586222280861785,0.27967324614733047,0.27520146483399915,0.18374627813079922,0.26522712799262954,0.22299583233083922,0.28339287334820273,0.28900129631525073,0.2651158956010212,0.26980421266458166,0.2991644766193216,0.2959361474792363,0.27349701618652383,0.2846639553717853,0.2976569565406719,0.27391061078808326,0.14651077002427568,0.23807002524699636,0.15300916799287267,0.2303280177824878,0.21478820086831157,0.18783774203575337,0.268363191559093,0.2644615081993312,0.2905113443011232,0.12849878468170245,0.2493451888225244,0.21409474874809467,0.24433676190151393,0.19070380683606936,0.18080153358850912,0.2747908519129328,0.20557871416074502,0.23297690433620008,0.16866386180547735,0.2468465013917166,0.21533741606018458,0.18943291772102205,0.23581072366153275,0.2664243904929531,0.2889989938250082,0.2924641758828401,0.2669658267222478,0.28440279946258534,0.29897304321356155,0.29539539743990234,0.259276459013267,0.29188061154771017,0.29459922835458613,0.30338857626938814,0.2396839419191766,0.2058269245600101,-0.20129982314438116,-0.271695360646931,-0.2369823236252778,-0.2241399968425162,-0.2722859323107401,-0.2601924595656594,-0.31382798190201,-0.23432486345070255,-0.3038029889695395,-0.289248344797796,-0.24390673747140196,-0.2244987770186012,-0.22830442081353935,-0.16644872089100568,-0.22821490939195244,-0.21216253319891662,-0.18394453572267852,-0.28002549611435906,-0.2808736766709667,-0.22614534892282287,-0.3026793780962116,-0.21709066964195795,-0.30556560575815794,-0.3140832060495877,-0.2586662307532499,-0.2905652342935338,-0.313880693001872,-0.32241481898745233,-0.2836410593087771,-0.30006568432373154,-0.3017353924133722,-0.2649407036399929,-0.165552760051786,-0.2573300699165065,-0.13933987372822446,-0.2365129946392018,-0.2051426783445478,-0.22819987256515017,-0.2681273324240252,-0.28331799758208376,-0.3023924997513743,-0.12104594307521774,-0.2775855900024628,-0.26200848100993696,-0.27785730636740125,-0.23184094555049786,-0.16319471055565393,-0.27252124124333793,-0.21947079457387186,-0.25136977609132166,-0.1488645034907305,-0.24265365296751984,-0.20806934144610453,-0.2286399730131058,-0.27604174678022453,-0.2859578641216252,-0.3077276519861962,-0.3177619968414011,-0.27219192854746865,-0.30864552778968,-0.31364528331907143,-0.32081277379691775,-0.2672757970380101,-0.3036896463031547,-0.29506824903231615,-0.30133492221517444,-0.24266088272730316,-0.2204547326818886
24,2,0.0,0.2,47,1,1151403.232,0.07873102348133598,0.2682892254610866,0.32099185067366576,0.17412598546937386,0.30115263441369905,0.16141558008771012,0.3403133445959643,0.2898487336070071,0.2543045010814338,0.27129735056085874,0.2611000736369205,0.16906834838591098,0.17684686108364836,0.2993381141988739,0.25722171624771356,0.2896395007983799,0.22844420925943917,0.2822744254038223,0.2399059377406154,0.17930142749529696,0.3012574861533684,0.258894071243906,0.32655639749190557,0.32050620071827857,0.26277762325116416,0.3050610042715901,0.3355261375927341,0.32388325383233635,0.28031537285189784,0.26897683207035145,0.26247447782913924,0.3046069559248925,0.2547745058674396,0.27086588202443546,0.21618398868006813,0.26495841777136575,0.2945972179244658,0.1848699019817491,0.28723760411412713,0.24181699832820325,0.33725799556167607,0.2501742190494732,0.22351453362547785,0.2670792973335266,0.16768542422865437,0.18221948876717342,0.21928940284282303,0.2953219529143434,0.23092817448698064,0.3137988418420476,0.18815057631924678,0.23133042716595675,0.21906445676577785,0.17162552019489608,0.2905281439644281,0.25420713761405,0.32494119254357734,0.25846077426342984,0.2827934787657626,0.3174360190414938,0.3385940051184657,0.32783492073087983,0.29192159556538716,0.30702999155569993,0.2535402415635752,0.2982686432053344,0.2293896140484266,0.23881718420945602,-0.10148229333723785,-0.29615590237298894,-0.28714657629600193,-0.2589618684876365,-0.32802475393856817,-0.19347738615819204,-0.31543528122822634,-0.22871683524126193,-0.3185962217389882,-0.299713271344264,-0.2765738357186539,-0.24942280047203497,-0.23441153555861138,-0.23690322219565238,-0.2570535476260398,-0.24564446315439664,-0.17803463826142074,-0.3122440312539516,-0.25983950226593044,-0.2650506530716711,-0.2980649222974716,-0.33129701044420784,-0.29206476591885683,-0.3178321381081942,-0.24965240455482665,-0.30526498645073014,-0.3136378475932538,-0.3182703592428671,-0.23014627422594416,-0.2725054658079837,-0.3289557602956362,-0.3224628725686939,-0.315702219827545,-0.30916446765180977,-0.1675859382772566,-0.3297578082355727,-0.24145284057848368,-0.2723283810203763,-0.2945739764992146,-0.2109573902212328,-0.3155877076773111,-0.18816767642985235,-0.2824803796301172,-0.2993785602211294,-0.2371539107743011,-0.2560870827653185,-0.18402606499764515,-0.23516659201594717,-0.22336658292372805,-0.26268202268223523,-0.13963011191947658,-0.26745470800245974,-0.16206935706322648,-0.2569207604889342,-0.28015690076833016,-0.3218113288658094,-0.2960831080735424,-0.28812550552567595,-0.2770101210603731,-0.31247900417623353,-0.3122617763278518,-0.318590626044337,-0.23565412895609364,-0.2789679657344095,-0.2951097674292898,-0.34647868252402897,-0.23953034241488774,-0.28218094774500596
25,2,5.0,1.5,36,1,1375988.526,0.2441986530641614,0.26123447947920997,0.21421012378707738,0.196159413466486,0.23912264970748975,0.26117259413249955,0.32461035997140125,0.2855913684758186,0.24493647086047549,0.26016560673033384,0.238562468242186,0.15496407319519298,0.22515467368552713,0.2898021452773707,0.19981781011896224,0.26701489158437736,0.25409060597482885,0.28066981050087025,0.23252437446296545,0.19219837362066128,0.2636071104412675,0.26155732566378864,0.3342417936069292,0.3008308576499352,0.24529965843725968,0.29837923947394723,0.335909474645341,0.3111325727217028,0.31835836867519374,0.3073843062548878,0.30404217997739313,0.28950912102509324,0.25444660226574284,0.2751153665294718,0.26802490531811024,0.2619163582051702,0.30924693328303615,0.1886773275856912,0.23973713204935726,0.21872427686712412,0.3320499545511907,0.08732144007852301,0.21144150186351568,0.2784923781336146,0.18764138829085916,0.1627017593029851,0.176662093220557,0.31926810334301886,0.19231133856446903,0.27063928055130615,0.16231313021051427,0.3054775397126801,0.2592931832938496,0.19715334579157207,0.2871761487016001,0.2658323814991163,0.3409559538404583,0.3179049534206999,0.28287751183346493,0.25857096824554465,0.3379495462935874,0.32507853534379705,0.30656316536959505,0.3132001644376896,0.301909278675855,0.27771395609251537,0.20490932659626207,0.25273272622013776,-0.1801379888923028,-0.19750423269754883,-0.13907920817638203,-0.2946303454785377,-0.24765380857574273,-0.19330334842252817,-0.32471072781057425,-0.252286807821348,-0.32479873671108456,-0.30519267360320207,-0.2783272407802633,-0.25499923843177813,-0.3136551029700038,-0.23881387319863273,-0.1869605039929295,-0.21154270075158332,-0.20308722289109027,-0.2867275869458506,-0.19499130498136957,-0.2731405919161726,-0.30210761624793425,-0.23805155506086423,-0.31849443227501284,-0.2700740970062357,-0.2751930281565726,-0.3099251163222023,-0.32972707301707765,-0.3197365634794237,-0.2842435895808204,-0.30722450075524094,-0.34395973176510763,-0.28712012972502476,-0.2500643443052589,-0.26952533918494687,-0.2397822604363803,-0.25453542277610447,-0.2449625292354848,-0.27108089654462036,-0.21982927005502104,-0.1875911092538424,-0.3243630245029936,-0.08681191137269655,-0.29872161889973653,-0.29897091497948564,-0.26171070133128577,-0.25749938783575926,-0.26112764784044806,-0.2803247978419298,-0.20817255388812603,-0.22443289280687578,-0.10768517796938702,-0.3206674647570741,-0.2500306010775161,-0.26969738730713433,-0.3193431616704867,-0.31457965889400025,-0.3258539822237197,-0.29404827323076305,-0.24897828121265483,-0.2799253500165881,-0.32828220925768,-0.3265908523764892,-0.26778259476945077,-0.31042265812318975,-0.3495726582668987,-0.3038804425287094,-0.18468008731764693,-0.27958585267162633
26,2,5.0,2.5,36,2,953447.8103,0.2354843156587149,0.1834555240916539,0.18496388278719764,0.1581257694053583,0.2625089020794983,0.2595972832863753,0.30721337078743066,0.24270249353075252,0.20410849108342882,0.24924751089022118,0.16517618609810084,0.15421750488054117,0.2570522362894816,0.28707112144928365,0.2355002160616561,0.22793484868784478,0.24903995859134934,0.2608368319176356,0.2693181854129163,0.17040795482646365,0.2517150865899964,0.2764979005678017,0.30289647623021654,0.261906558034343,0.2659103865164181,0.2596663292735402,0.2978430159188299,0.2663690379884312,0.30387474775236845,0.2958884434345556,0.25734261350970555,0.2835781879777077,0.26151568129694236,0.2281558861409758,0.2672416230053876,0.23322548533014406,0.1844958498122479,0.17067776465937842,0.26124296892491033,0.25018259763151895,0.31517632070772417,0.2969947053636799,0.2062001779258162,0.25181794190978013,0.15693762080195026,0.14205742231563606,0.24274351023808538,0.2979207606233911,0.2506267364749593,0.23014625567100352,0.20957494348859554,0.2864055799685732,0.18887779767522594,0.17017229744208984,0.21979529537860829,0.27429335941229765,0.3094593853234858,0.28141926534817346,0.272798665330176,0.261164113382061,0.307214874562825,0.27978382903798016,0.29057455190889325,0.18681990332801202,0.2693363859325194,0.2592232548017333,0.20291637951966415,0.24282612987063606,-0.17790757033990096,-0.1347077955086857,-0.1872834292511807,-0.2696363562456779,-0.25556146398797785,-0.19738207442471903,-0.28620274463021245,-0.17921446455518916,-0.2660011916983953,-0.2869544871945317,-0.1516278836531449,-0.2538992825684296,-0.2985230639990927,-0.2218805211192084,-0.2104495829220495,-0.19565863703389205,-0.18302061377674853,-0.2969988970589724,-0.2716717806066678,-0.27130831030271535,-0.2649130590955229,-0.3079493247976361,-0.29571839704276814,-0.27288139776677844,-0.25328269700675354,-0.2829583242193578,-0.2966573334054157,-0.2830692442099285,-0.2570648859897372,-0.27401000656780544,-0.29584439198365864,-0.29809461760118505,-0.2989245871906337,-0.2652427461769644,-0.19744779608067917,-0.1981981286790348,-0.1775900284985291,-0.2810024828443393,-0.24876080338063977,-0.1762412800211491,-0.29859055436397375,-0.23551756658521072,-0.2678078501082723,-0.2910709378379759,-0.25990884781386436,-0.24751872133714747,-0.28154666275941787,-0.2447241074166942,-0.2501921298145657,-0.17261133798270276,-0.15040633089999622,-0.3290763975980737,-0.2026742283278445,-0.2724669571055214,-0.236649308834368,-0.30723294950090924,-0.2986526586209604,-0.2815644148981935,-0.2523721577810728,-0.28793948890982596,-0.30421511238084475,-0.2951187567768262,-0.23417818986586436,-0.21845047077281965,-0.3218863162040293,-0.23365362924806127,-0.17992448123414154,-0.22489990263883664
27,1,10.0,5.15,32,1,1164877.976,0.22375984237317337,0.23075214231062996,0.2484182753953344,0.2064036998521054,0.28960202711397853,0.25955878629563917,0.29245274597474324,0.24881412753233859,0.20529035043075547,0.2767086653087113,0.22206520756191891,0.19604078871537103,0.24606899913684754,0.19821293821156394,0.24832354142177546,0.2387471316401344,0.16949111005916145,0.2560210836865873,0.2449279624463074,0.20239634049415922,0.2523212449638813,0.2407626359101889,0.2958222597218744,0.29503290519267145,0.26137466785486285,0.2850410022827311,0.2897257396184388,0.2906740902989259,0.2945817885215006,0.28896496728806603,0.25305052188276916,0.2946191626858455,0.1541245194401819,0.23471089690149097,0.23370145632693604,0.26066910234482904,0.15218727406716626,0.20211722264157309,0.27910759007062275,0.25404519610157,0.29115734198087034,0.2551720584472959,0.1879707051603519,0.26357029130634896,0.16733723618422858,0.20529010789572621,0.26380572827161436,0.2828522443319125,0.25586317389399316,0.2511618196139823,0.2316104865592315,0.2549026610998465,0.1947298925833191,0.21236013903796672,0.23052147320941815,0.263278950372909,0.29469618299435385,0.28413787411809127,0.27411194133481487,0.29393210693049454,0.29345600091882384,0.28701258105224076,0.2888425420766293,0.2943207331743175,0.2611225042077591,0.27510977250495733,0.1607652053212541,0.2759593099304535,-0.18018220362239387,-0.2262303484812518,-0.20443228008316222,-0.27846656648445756,-0.2900685842074755,-0.21957906530969987,-0.27583582751588914,-0.22245435288602883,-0.2715366224708924,-0.3035413399305731,-0.2579985460333034,-0.2732705727535917,-0.3075672483360724,-0.1479782742853243,-0.2263198463874405,-0.22762509949840562,-0.1816450355748154,-0.2982253351873628,-0.2781341139208342,-0.2714756434373332,-0.2545791614003632,-0.26908263197429316,-0.27758642729420513,-0.2949803860508601,-0.30281379575428824,-0.3095963691372513,-0.27987305652958594,-0.2961429565052684,-0.24845423247967643,-0.2766645766823948,-0.3058100623725159,-0.28619424562709267,-0.17379312118133064,-0.2623253409240073,-0.18844160985417283,-0.22534929895452654,-0.11583659166345742,-0.2726794664700757,-0.2638158216046636,-0.2414453322805741,-0.2823126777976041,-0.23300418762299496,-0.2480685762382728,-0.2978733928854739,-0.2461064130943103,-0.27686867359550854,-0.29502676334492134,-0.23522506797360926,-0.23613397536073802,-0.2243597973989724,-0.26896116237303724,-0.2975358864093378,-0.22871758083207863,-0.279565960996021,-0.24652490632218296,-0.2886191630088303,-0.27794450849921754,-0.29142295852101224,-0.265250758660576,-0.3106667803959972,-0.27894640412075,-0.2891698112863806,-0.2463664530224523,-0.2805992937012367,-0.30879793440529657,-0.3073693799017384,-0.17424475480080043,-0.27091290432860266
30,1,9.05,5.0,43,1,1328890.319,0.18583968893797928,0.1306768337832874,0.2832904504035762,0.22810379369853603,0.19792540588940685,0.1476622307739087,0.320814410688449,0.28218435281500687,0.2556708905510057,0.2637855543299778,0.18047666302177529,0.18178245639787763,0.23301194994460092,0.3035405579741124,0.20360480218603738,0.2189754103918041,0.18032996266991486,0.2705539743598587,0.19745737737958716,0.20570413757337563,0.27784878198981733,0.25022144782692085,0.3189113179599436,0.2859589318213453,0.256488304731992,0.304255410985334,0.32497688427111143,0.31914421971425294,0.2716881124478316,0.3143514098104471,0.264118495889956,0.24360175916414284,0.25213583833991554,0.20460607282382096,0.17847471576560245,0.19710052732349603,0.24398565088682167,0.21092689552599042,0.20387245979731017,0.24095707103323308,0.3095592682512259,0.24534568915653018,0.23998586085321588,0.2926922631531319,0.2073046404437191,0.1533280406432744,0.19530077751490915,0.3143979305562633,0.2031400410223265,0.20761731404001427,0.1884244412117082,0.26596317706540484,0.21450312467325006,0.20807721371028126,0.2956899318589152,0.26168343771884783,0.31426882675998336,0.31038573891038995,0.2493206977526425,0.2827574378218505,0.3227933858186551,0.31973357245623274,0.283539870414007,0.29351360809457283,0.2726287004169408,0.25007470108290863,0.19465384639793779,0.20905664621318112,-0.18828256866486975,-0.12138976632089232,-0.24404731098253268,-0.2775416889595698,-0.22957498023878734,-0.19513803221773443,-0.27951446083879555,-0.27249780294042725,-0.3300282321076417,-0.25438426571158007,-0.19846700232932263,-0.2080485768995897,-0.2839247862305303,-0.27381361944502286,-0.24281939911185207,-0.26499649823853466,-0.15478013277632907,-0.31117085037486625,-0.18479429839431738,-0.24289737942536224,-0.2708948476405422,-0.3062591475462874,-0.28876831676495857,-0.2442236172227334,-0.3186515516683759,-0.27576103357681253,-0.28913676024163665,-0.28558463747363844,-0.2665690119431993,-0.2700053209719379,-0.3039978228628107,-0.2970200003770446,-0.3067149838896228,-0.262628194625147,-0.16264924676260784,-0.23721807470400633,-0.20011639782678037,-0.24006214746823296,-0.2438659005411059,-0.24161867029063042,-0.272723258034385,-0.24146098544144065,-0.31579784998754534,-0.27133449477246724,-0.25121565938389184,-0.1971628200507307,-0.2689994531827254,-0.27710251003446285,-0.24978664713239473,-0.23823437435202052,-0.17201766205578423,-0.31106532970792933,-0.21560353953824465,-0.22872754929243563,-0.28441624106228897,-0.3148724017767647,-0.2863925962219858,-0.26998086654113845,-0.32331731510209644,-0.255535827450274,-0.28848520343526923,-0.2839528245305198,-0.27004950011528595,-0.25168261167530176,-0.3207657919537298,-0.28942971289859615,-0.19980911338517726,-0.2676461173882372
31,2,0.0,0.0,32,1,1250820.328,0.21986824806933902,0.20733474758504908,0.14198398296414094,0.18834686888280364,0.2321042816040534,0.3268310785002693,0.3418484961859652,0.2856235101512272,0.252167773653245,0.3188964171149539,0.18604631719912304,0.18449923118483666,0.1769075065834604,0.25379854509873434,0.21160309005035247,0.17614002059196573,0.14339039124450748,0.2290347023633871,0.2210575559779432,0.21587984191468124,0.3304878155707047,0.2284353398934528,0.3296839985548857,0.3373387488425582,0.22770906652286718,0.31683774796644915,0.3250604754452098,0.3451489397478731,0.24832289024593496,0.34321844686559616,0.27145720404523305,0.277602145396002,0.23318478649158303,0.202287251989837,0.17334761227269932,0.20806810221714603,0.19734764107917097,0.20090757491529557,0.24030150500341993,0.28071475052853334,0.3369999579832115,0.2969925941030357,0.1693685168737511,0.32293104787912635,0.16194394932114012,0.2549305286176448,0.20425473812497832,0.30545312038327604,0.20208962431385225,0.14076564517659743,0.23721865621736393,0.25651166025141053,0.2399629494897178,0.20638604857829632,0.32749830706762,0.18638192307844662,0.3420625459073444,0.3085888887309033,0.26098209477115575,0.2936499479292138,0.32711029615655807,0.3433617893901175,0.2635629722446985,0.32101657640521697,0.21822781270358946,0.2718296372260994,0.19215242225541504,0.23308168501651444,-0.19744344853167295,-0.2532002403240126,-0.1458396660884201,-0.23378640664009165,-0.29160155793600695,-0.27517550061454393,-0.2872419893394667,-0.25216748962623176,-0.3378083188628943,-0.2845195647046755,-0.24797426974392453,-0.19206242885001942,-0.2343337379142376,-0.21648317022345626,-0.23076718060895363,-0.18028803137257063,-0.14613000672515591,-0.27856400596166037,-0.27031867682315514,-0.23414324374177953,-0.28844842559463185,-0.28636085965826635,-0.28512583978905276,-0.28881226967363205,-0.26612992219596415,-0.27612963758576947,-0.269434884610166,-0.2950350677369936,-0.21573519266458732,-0.28831198533861035,-0.3482829911641421,-0.3469485424688209,-0.30204639189966787,-0.25661443493683117,-0.19027743332719152,-0.2393422084260013,-0.23086002321765725,-0.2295218888087987,-0.31277328870244225,-0.23612143410464737,-0.28427634698759946,-0.2480197585231038,-0.2359051227036514,-0.2833010170825615,-0.21592402963339702,-0.24522679124191124,-0.274838355580479,-0.25431503918927156,-0.19874460521615106,-0.16808588839524977,-0.29867494142456386,-0.33265122860068314,-0.30602477494525704,-0.2310902973854005,-0.2897974985131304,-0.2437976391502531,-0.28949345963972495,-0.26482887921978554,-0.31666445053699876,-0.26862971708550754,-0.2727034497516033,-0.2939902858534203,-0.22386906252219663,-0.27194849306267566,-0.29375703023873345,-0.3394126829199739,-0.24125944857023848,-0.2736529510052062
32,2,10.0,9.3,47,1,1558212.198,0.28633561774308847,0.1938995076971101,0.2191964763229146,0.2011085236207671,0.2278267931906092,0.2874487852238767,0.3352219995774071,0.2766290395767206,0.25908613889335974,0.2785406067548916,0.20161599412824444,0.17446511396003242,0.23542025559521862,0.2869014844254597,0.21949242646796868,0.30601511811734244,0.1602552791477515,0.2661657006161857,0.26064348026900236,0.19218071117833083,0.3019879320656486,0.2546103252808161,0.336416339517332,0.32800743156528805,0.26428385423951894,0.2833960614656405,0.33769322520265055,0.32911575699684587,0.2748876074592908,0.3316319769475398,0.2749275089020584,0.26987481355992005,0.26098168740449845,0.21991667229798398,0.12065172384007729,0.203763878328927,0.27452107144752025,0.1968216485130169,0.21518596299443635,0.23902632945793212,0.33896177768055347,0.12527598077695085,0.2502255060048756,0.2969474398965724,0.22361939878525117,0.18382879620182183,0.22715455982717972,0.25856208086580873,0.24661656734943174,0.18487112418800827,0.1662252129124966,0.2757787787103575,0.2581768192976134,0.18612825334890118,0.3123320678048657,0.21801654118228275,0.3273070818797133,0.3233769211336679,0.2751072049847549,0.28876075254226796,0.3371166555270843,0.3355847184283167,0.27946627426525705,0.2534622120520935,0.2456474455136833,0.22751923192698817,0.23661141219062454,0.21130836449156684,-0.25777273530611644,-0.23374619993821355,-0.2079281181520328,-0.2422312669241061,-0.25928512510865936,-0.254140452411473,-0.30043847937154056,-0.2463321597813401,-0.3158839593471741,-0.2578950284383451,-0.2428102368549487,-0.20282707588679502,-0.27680863273996525,-0.2519376104177226,-0.23974245605915823,-0.27752076040533213,-0.19599094085097357,-0.32695893796619063,-0.30931675315638407,-0.23088183868527468,-0.2730217838762684,-0.3059211166235073,-0.3041642973626262,-0.3011217389178828,-0.32109855366929696,-0.26755852508969474,-0.3035077989265462,-0.29824879956245287,-0.24819650500380483,-0.3023241153666454,-0.3410358580243414,-0.33320365177777406,-0.327160953626203,-0.24928732609566764,-0.13500438376219376,-0.20945530099329476,-0.258103861197261,-0.2360722353325607,-0.2464577959547447,-0.21777706005078457,-0.30447812505451555,-0.1444948309258504,-0.3052129539465696,-0.27354869062879184,-0.2818663889609051,-0.21248845033560773,-0.27701495666713055,-0.2304140129659409,-0.2893670909095,-0.18849578118677313,-0.16811685044366872,-0.34053289702660317,-0.31521165919997746,-0.22067810579489638,-0.28264032854835597,-0.25516613870425375,-0.29821347995029324,-0.29914490498925994,-0.33021997923663265,-0.27442443918151405,-0.3017834947559646,-0.3029857510547112,-0.25252311696985785,-0.24808401674070435,-0.3079883527394439,-0.26928200576775735,-0.2992799018059275,-0.2185588481399035
33,1,1.35,3.0,25,1,1673313.54,0.25195561629234714,0.16771410658541328,0.2325246118300874,0.18326635702544616,0.21650483587071778,0.1877833376342959,0.34103119561159334,0.32176017346872493,0.21502790811735917,0.27369791560624174,0.1096623918000446,0.17353122205796082,0.23071159807004948,0.3228939902370875,0.18726492976799594,0.19910431262364375,0.20958879952258563,0.2606573620323849,0.21041787835434214,0.1756960570398636,0.2846238638705043,0.2615830716953212,0.332227070487132,0.32250321204443355,0.20497871628997646,0.29149241385896507,0.34042230464337014,0.3357549207189338,0.3171698268028204,0.34158224162568357,0.24181561457343886,0.26108745391332316,0.20519653882348818,0.21416127097429866,0.20886197047075225,0.2262146877168061,0.27038163630773243,0.1988240091799031,0.24782646585060908,0.23198102563834294,0.3394173186912198,0.30606071913103045,0.18218317169141304,0.2927048287180278,0.22467317601497247,0.16559015030439242,0.21818414573573366,0.31349141668405767,0.18780285856129958,0.24273505407799287,0.18233317098852467,0.22969896415645805,0.24083345653584157,0.1757095274547077,0.28124508961940786,0.19547674782157162,0.33600575997949866,0.3095933525530425,0.2633002368867767,0.29033257290700265,0.33876414425198936,0.33066058319216335,0.28560305494465393,0.3178742207172974,0.24363058590556866,0.2541435507302289,0.21672478218412974,0.20327710545264419,-0.1853463930643193,-0.13730771399489117,-0.17503420927771582,-0.2441617396153377,-0.2678792654361961,-0.16271735880877422,-0.27786704362333725,-0.2691963448185301,-0.32375835046961293,-0.26258189722705594,-0.10703110205225508,-0.22648418370543122,-0.32541951488284193,-0.25873046969696173,-0.2227463701271936,-0.21404911651552863,-0.15380064970361798,-0.3337767455794106,-0.21326864867585046,-0.22641644325251814,-0.2628900528976058,-0.34413412783609976,-0.271383054823559,-0.27922500484079826,-0.27645718661664,-0.25110734479533237,-0.27650931083942737,-0.2792112328029922,-0.2597903949621057,-0.27331055208069643,-0.30347346101243594,-0.32229626924818017,-0.21290543572470355,-0.2782545501553836,-0.16870859751423778,-0.27759400777213955,-0.1975355584857278,-0.26388956310612455,-0.3290972938806928,-0.16431262801820143,-0.27590522675178186,-0.24254343292882186,-0.2823213558864277,-0.2650069588874417,-0.3092723417690616,-0.23600555391374964,-0.3239746016864107,-0.25699526036139986,-0.22812333964875428,-0.2187655900303573,-0.1483471183762612,-0.2787525511326971,-0.3072247717200579,-0.2429620565569005,-0.25964961275291204,-0.2975364516024492,-0.27165554985295987,-0.2708588463274847,-0.3285656919289982,-0.24515333627549774,-0.26954476171239156,-0.2790681602798917,-0.23591955229454845,-0.2475559919032656,-0.3201654371988862,-0.30933955255866125,-0.23852089173571675,-0.26091136996183
34,2,0.0,0.0,37,1,1361597.325,0.2311037664241021,0.22453968713196185,0.21230438370405166,0.20031865117784406,0.23495846337322168,0.1597552382920162,0.29555966500837394,0.24804113117424423,0.22051589981886532,0.2617038995065477,0.22782945155077822,0.1820633121212102,0.2307724969618543,0.22733606556080385,0.2159722220754748,0.19163831720473773,0.2261542314308079,0.2691741854253839,0.26194251706469385,0.2128849896721186,0.2697338437844634,0.25078737362716647,0.28818681621481984,0.27692381513317543,0.26759702487696685,0.27764127778879055,0.29265248410018685,0.2876219944301307,0.2591651387072409,0.2764080102681847,0.2592682881623786,0.26538520541398253,0.24149100223779635,0.1964582868397732,0.23008457615392314,0.22441380101366654,0.19454115193817065,0.19612189086460521,0.25900411209945756,0.2121135878691712,0.29336905953800374,0.20551810646122792,0.20452070597609423,0.2385412324366396,0.1726817218939736,0.17630260101459722,0.2074987136312478,0.2581259762573603,0.22775393604922073,0.16682419079004673,0.20637494113811486,0.2718451827898852,0.24995054339273282,0.1900255117416781,0.2585310105146894,0.21617881330178085,0.29325375126148556,0.28588579834695604,0.27368371973332606,0.2742522960573986,0.29265276708443655,0.28288334179969443,0.2628253803049564,0.281637253183042,0.26365674091628827,0.2791805987999892,0.18061218023404624,0.22820988390754246,-0.22486411749235,-0.21325500200914316,-0.18403198709660595,-0.24693240749845452,-0.2550807569452167,-0.211025763726594,-0.29148761900988546,-0.24742653899546405,-0.275322272662507,-0.29457802069153216,-0.21777424880632093,-0.24051602171985892,-0.28533335812911564,-0.19415236450130763,-0.24419056299829467,-0.16511400088662467,-0.19590106960831388,-0.29375753270850274,-0.2650537901652185,-0.2428435847294234,-0.2933225357959103,-0.24845706089222735,-0.28410350304908016,-0.29646185189441654,-0.2972419533565037,-0.28444881475815487,-0.28580470960326393,-0.29469401069937745,-0.2512478164916156,-0.2727271877125842,-0.26719568882550465,-0.2525506899272643,-0.24609758805136242,-0.23867696829127488,-0.21324583006910872,-0.2203203069820138,-0.1643182750457612,-0.2438125427923946,-0.25642382657959745,-0.17910687952753232,-0.29575258409571525,-0.21497646377333446,-0.26751780716595863,-0.2791936020192878,-0.22100653619928684,-0.234668858750047,-0.2607073268869477,-0.230976566747763,-0.2554772455019174,-0.20247617187622047,-0.16463449305864644,-0.29957033466841615,-0.25600397001328495,-0.24857662436569672,-0.28373234788681323,-0.2652747840157224,-0.2894866832252383,-0.29448056691210395,-0.26189571545167273,-0.2854245849155665,-0.2870507416731483,-0.29788177710935104,-0.2419256721785149,-0.289395759959643,-0.28530744722474477,-0.2754901933346011,-0.16875227139526117,-0.24725529596958307
36,1,2.1,2.0,41,1,1582964.543,0.2058633272555477,0.20223946734918946,0.2796721556744528,0.21103806721247456,0.26306089716962516,0.19122889078535216,0.28838023945760993,0.23354786724736787,0.22515931911955875,0.21738428677055335,0.21942920151564557,0.19204319132647538,0.1811190817636245,0.2592690671935374,0.22198261507641542,0.26287399019579405,0.1860238656125602,0.23789202445382207,0.1905160530411437,0.20231967910788476,0.2475567621369004,0.23424110477689325,0.30118482733592067,0.26262631483010757,0.25218022924241235,0.2451042565161607,0.28713269805957886,0.28344440716977093,0.2874078293251002,0.2706177787608745,0.261065762228696,0.27255084578480093,0.22943508303195984,0.2410766935106341,0.2221632103125622,0.17714188890808688,0.2252210547602508,0.2037661471654476,0.23236526585791306,0.25049247200468644,0.28673528062404247,0.25207772623722424,0.22694955521562798,0.21483836712284918,0.2104383600567218,0.17187660814980016,0.234998700107621,0.27626545266483044,0.24545735895902626,0.254385509201289,0.2214065191436051,0.2549744950517876,0.1879284622279877,0.18266229049336283,0.2477264028233124,0.2570033568530068,0.28734542361844945,0.26795028081844835,0.2647624369064167,0.25486375651939763,0.2861626156219097,0.27972722423467616,0.300004670446388,0.29287219933218545,0.26179394753050594,0.26203116073203186,0.1794722513101623,0.2422328430554905,-0.20992163295900082,-0.24649339856486663,-0.22345972171696787,-0.2824963936420903,-0.264075184615401,-0.15399277495342445,-0.27293148216761925,-0.19896356041511196,-0.27242067401936654,-0.2665425050765916,-0.27575660280524644,-0.2748742622861493,-0.25728513363583544,-0.20461826855574414,-0.21705057990950033,-0.23006403751703028,-0.1448534098807141,-0.2496770230731691,-0.16990651379340196,-0.2688136046267877,-0.2600902092350044,-0.2697387921363198,-0.28396912428818666,-0.2698480910994305,-0.26776362333787374,-0.26611067185087217,-0.28167548549200055,-0.28760299401399453,-0.25308937493086997,-0.24271078238160942,-0.3086312990392101,-0.2699253404241104,-0.18651942397008853,-0.2504290371781517,-0.1766959599437324,-0.2074016190570629,-0.20277409748245967,-0.2677092148247613,-0.22696593382588648,-0.20195251911258946,-0.2819800831156292,-0.21273988997008667,-0.2892021848405875,-0.26780306565815726,-0.28301176845525916,-0.26064524925232846,-0.2981863125341503,-0.24543046880107028,-0.22426354619552527,-0.23228949507266514,-0.23229931607762744,-0.2852013536032425,-0.2060424214764527,-0.2611506677350573,-0.2620365601004185,-0.32261481662604097,-0.2741495911398844,-0.28461199516230445,-0.3012752396544679,-0.2771792694784059,-0.2820489670091711,-0.2829305815725636,-0.2573091556231722,-0.2702419049562057,-0.2989550262513396,-0.245358714898846,-0.14806708501201774,-0.23045363306374608
37,2,3.1,2.4,25,1,1608904.6,0.2666723397500412,0.20270311834960641,0.2064437438615947,0.1901185655513077,0.258693346277872,0.29967319548043675,0.30430906408362357,0.21312258380456872,0.21732191605558496,0.23507722410044707,0.18165608557045415,0.17769118520073535,0.20884946068056953,0.23968160941345887,0.23886328072501462,0.21737462847585576,0.211321514473802,0.24516773487768054,0.2571922468497891,0.19116334486867664,0.2194447737658089,0.24850208797509224,0.30131118356334347,0.23955256599059963,0.2528711740598241,0.2683131440180188,0.30651633413137086,0.290504322655134,0.2631012346357105,0.27873789916064556,0.24063166654960483,0.27654392255229554,0.23740179892993096,0.2289262259235472,0.22269729143097047,0.19717216206779253,0.1921886621964084,0.1923014409605466,0.2612472093862236,0.29387092639105816,0.2792703432524392,0.19184199387586143,0.23575672602341805,0.26102533213277335,0.11864355394642893,0.17448454737453348,0.2566248687222883,0.2542141193852847,0.24556082872771257,0.1695142312361239,0.16664958563871415,0.23122215323695267,0.21143414475426314,0.18993267535559447,0.2502728468516359,0.2571853542009326,0.30318469764193007,0.2797678475385272,0.25943119675991017,0.2619614473324249,0.30364407053806136,0.2871337808825969,0.26454280074869185,0.22238456640509832,0.23872445324522673,0.24548578764542453,0.19526144228611575,0.23695286704914972,-0.21091373468052038,-0.18720021103457263,-0.18055715929032376,-0.274669650458664,-0.24524723532935802,-0.2545128335488243,-0.2754810050278067,-0.17916118132752773,-0.2783483195083045,-0.265984742859973,-0.24144700822090862,-0.25387233064446496,-0.24922090514201056,-0.19600725188682516,-0.20137085184509615,-0.18983944262660607,-0.16533742032758644,-0.2752819961648425,-0.3152873332277313,-0.27700722060575206,-0.22499623040448183,-0.3111232894777003,-0.2805982922282523,-0.24505743977278627,-0.26618719333278257,-0.2823236071059547,-0.28521947655143215,-0.27973483715157726,-0.21491196912971638,-0.25667407646339624,-0.30862178901767306,-0.273798256495882,-0.3050293635329051,-0.24303645965926396,-0.17884552605637344,-0.1860434305393025,-0.1599327313999192,-0.2770590598535288,-0.2793955560991144,-0.24058569820302753,-0.27107376754028245,-0.17442469026691845,-0.30167489057473595,-0.28474536977178705,-0.13837680379199085,-0.2577654073736584,-0.25736317393250524,-0.19390111126074244,-0.20508329234252476,-0.15455870402781205,-0.1686372791474127,-0.2768035078276126,-0.21217741841202184,-0.27978500075628326,-0.2728960201296962,-0.323196927571688,-0.2832407438210771,-0.2766815712762317,-0.25778385765182943,-0.27389731936832956,-0.2806559527601937,-0.2807273531560745,-0.2145239776612986,-0.21773849122453193,-0.3018896707286079,-0.21584206068790363,-0.2736815644409894,-0.25360003318474156
39,2,0.0,0.0,36,1,1555040.668,0.21404117124482172,0.1810762569062558,0.2997679228580489,0.2214673991315641,0.25893427280073417,0.23234070605673507,0.3012783014019795,0.12984645927470373,0.2349741362234838,0.2679544185532007,0.22764500205666224,0.21179892276448112,0.22167292430036353,0.22862833215186887,0.2309796441714811,0.22860749768110158,0.23363623532443534,0.24506627646840837,0.2135882258246687,0.21815214357653895,0.2771805220808038,0.253671128305274,0.30095460680140085,0.2689600344853246,0.26831317057262677,0.27179295062732206,0.3047179778397445,0.3011008420895902,0.27101385052941684,0.3056543672800778,0.25364938633757167,0.272868644312694,0.17440326516156698,0.2670252095132642,0.21884275043977205,0.23855802793892855,0.20039697514530244,0.2196114456548668,0.27236530061160663,0.22679788994119376,0.284910543961148,0.20465159749364406,0.212649438430711,0.2770282836070213,0.23623393170124823,0.20992740408291377,0.20147150407028688,0.24807576689367541,0.2479863919615022,0.24327194078849926,0.19277225278835441,0.2510339018466329,0.2366758454777592,0.22187269262016415,0.23785425020347267,0.23912636710757526,0.2930420104370193,0.288101888334902,0.19232647712463244,0.28179518899476896,0.3031194349349531,0.2970751019156166,0.26972260829762146,0.2521520430299647,0.23792232221093246,0.27444198078240856,0.22113623762172807,0.2632598533346884,-0.18254086900727076,-0.15151804780430728,-0.2823362311511422,-0.27994148640834116,-0.2614560718603928,-0.2158561265468767,-0.2764294278900046,-0.15705898636530263,-0.29395704789159566,-0.29164286656746985,-0.28204464281469893,-0.26644883259475677,-0.2846033810322352,-0.1917137119743467,-0.24256415195327188,-0.20185823196537514,-0.19900717990238517,-0.29624447310762664,-0.22973170402767445,-0.26330120072940266,-0.26976604739811383,-0.30673407651259826,-0.2858595699572784,-0.2847180782749657,-0.26778466592220135,-0.2920105050764829,-0.29065719975696214,-0.29406061951895046,-0.24815284108083366,-0.2804108359915662,-0.3035663107860293,-0.2940378740562427,-0.18609711765074988,-0.26071321177500356,-0.20317781544611932,-0.25253618398441774,-0.2538375678565322,-0.27533448585436604,-0.2824030525736247,-0.20808248737215132,-0.2675061617183301,-0.20412028150661946,-0.26059969954924933,-0.2880290256899119,-0.299919104635151,-0.26899836293938423,-0.22246755739592108,-0.22007553383464507,-0.23751930074679692,-0.2203540258873374,-0.16249699203899004,-0.3074900947925873,-0.25813102302930596,-0.2766425024899419,-0.26705330231353075,-0.2510728483464017,-0.2862787053660411,-0.2955134523862286,-0.21585940919568072,-0.2964309732521507,-0.2932895843611714,-0.2958076590958698,-0.23889284890669077,-0.26347573208410213,-0.28948816687839646,-0.3076361181705665,-0.23588672269947805,-0.2732844726847029
41,2,6.8,1.2,33,1,1536095.526,0.23903762572109127,0.17831646285323952,0.2007828694829715,0.16877275688465326,0.2902496280890478,0.260097380576239,0.30554986683908514,0.22971269977194106,0.29266400888517113,0.2423180119090691,0.2574243881057203,0.16630694356412187,0.2339237221572417,0.2315049050816381,0.22761880560051617,0.23905250176987386,0.19498750808647675,0.1992858329295874,0.1483150655284611,0.16254482595718936,0.2559693763062787,0.2550725326909152,0.28490797704868287,0.25571240312219845,0.2718455367572253,0.26489795039737246,0.30064699105786336,0.286501157741745,0.2928333674936573,0.3086528125790373,0.2099063556856302,0.2812000153106066,0.20597609702110806,0.26090207621434014,0.2202120080664701,0.23118915198531872,0.15465945244448184,0.17682002452663598,0.2903725461426326,0.27431222110912507,0.29287423789027933,0.23993382894823967,0.23901378384767713,0.25249220228422636,0.27442182856708563,0.16143551127067207,0.2848865729429428,0.2267853415319948,0.25919090137884426,0.135620989911144,0.13758838415201396,0.22213284590704366,0.18500920418722577,0.16472397077156178,0.2586957388003579,0.25838061190395617,0.3050692126289288,0.2800941485034115,0.28594892236062175,0.26713361886879633,0.30441934361344547,0.27615767563484456,0.28745904926363225,0.2836865428921688,0.2481517696173272,0.2681983212313153,0.1347718874792249,0.25041896573888656,-0.2003241912428968,-0.1865222717175481,-0.18696970573296226,-0.24767430912417562,-0.27938073002287533,-0.22442148914499327,-0.3112473113368912,-0.19155344933345386,-0.32861933532600357,-0.2789056195713444,-0.31065456489812976,-0.22910813110123937,-0.23382491302926883,-0.1838432184202662,-0.20004748449955007,-0.2151001865258621,-0.1678127636030252,-0.22845329358469652,-0.19787864877544248,-0.23844103004630982,-0.2735328246282522,-0.25223328993737987,-0.2919193310031921,-0.2991579623233521,-0.26632237877189224,-0.2943012162312845,-0.30623746184947603,-0.3078015150683889,-0.26645530740346796,-0.3129612404722526,-0.2606006437568979,-0.2810838304182508,-0.25433838689037014,-0.25567082741411773,-0.17749098843177533,-0.2211657581294124,-0.18259545504000238,-0.2510661369714703,-0.27852953581712525,-0.2378655985575214,-0.30868417401045256,-0.18935853164115993,-0.2391398962232512,-0.2799831152773091,-0.3148809435566964,-0.2332939796647834,-0.28550152767287285,-0.18618585630683973,-0.23131266018007907,-0.18725934849621242,-0.16296954637084204,-0.24407983442197603,-0.1443915321064061,-0.24093472127124826,-0.2760488406641199,-0.26624237188871863,-0.30141769362865073,-0.30622499518451235,-0.2865401153136055,-0.30431433624046705,-0.310889816190431,-0.3062247025483604,-0.2542225613023981,-0.30535650315196067,-0.3003601443159175,-0.2797218101016706,-0.14282095404719708,-0.24457817249675162
42,1,2.1,0.9,37,1,1680500.487,0.24529315271299168,0.2126512639762437,0.30616719463650643,0.14160501983027962,0.24216755131255752,0.29118605403272957,0.34196971467480985,0.31832865114214676,0.22069023119764336,0.2812239934186716,0.15229353290923545,0.1413031302869007,0.23110164587313847,0.2083760440734612,0.2350311695924125,0.23995290410932982,0.2241526440046074,0.24169396437858748,0.17604257648189167,0.14241404315293707,0.27951538147274446,0.1709986043557109,0.34511764272655326,0.33161639625211414,0.2601515455004942,0.29019088033530527,0.35004412022819764,0.3137917392978148,0.33378958216646243,0.34087043659083976,0.23986792396450946,0.26490730536932494,0.16109742332443427,0.23941184530093285,0.26401962775554155,0.23803290342401842,0.29181207797116854,0.15705048407715985,0.26186020505280105,0.33497198658557226,0.33928128129039137,0.28321156364205724,0.21999652468473865,0.3042228370933289,0.16840488921931657,0.1348133715865315,0.21679984557510545,0.2983873445883765,0.2068007616562448,0.24228271147674468,0.18975458151314084,0.20829794166473395,0.19542579082734138,0.14487167491318126,0.28174615863018765,0.17776136737720807,0.34055239237252716,0.31469397191522674,0.26573613228252374,0.3009515527809485,0.34831146810320657,0.3387785904045498,0.2764239252561941,0.3609003509448306,0.23057509659337627,0.267712065209454,0.2223729902593309,0.23703447750513532,-0.15454656040254425,-0.30181375978874064,-0.2269094493704498,-0.2520757566865794,-0.3085656915097496,-0.20514644443956417,-0.27385197191224214,-0.2178468222698499,-0.334282146171845,-0.27579838523812605,-0.16514632379424207,-0.25496212359924186,-0.31711007275547276,-0.13075588656983614,-0.248064853702164,-0.1722301283064493,-0.1410196816493334,-0.33217341284356544,-0.14379219527944836,-0.2564537339128794,-0.25975563682610725,-0.26746428467543454,-0.26751297581580463,-0.2664217028636348,-0.26775561780975254,-0.2687788217210147,-0.28200713289537993,-0.2758361768503421,-0.22694632815682114,-0.276124346035246,-0.3258748247231726,-0.31768401846221256,-0.17600574000919003,-0.2966252252449087,-0.16147089018054614,-0.29671801796887287,-0.22454013695413233,-0.29240275029283813,-0.34674051441606624,-0.2436898001898192,-0.278452147521896,-0.19537442606445585,-0.32843804388474246,-0.2787832049999236,-0.2739444115871071,-0.24768738406574367,-0.1660076680189449,-0.2149722719346589,-0.21787120426065837,-0.17963195444758373,-0.16788736942103583,-0.27751910383790573,-0.1430407155955505,-0.2444494085972547,-0.25321721761185795,-0.27268273991730707,-0.26732828403332687,-0.27878040849699787,-0.2932537140791059,-0.2692522333443996,-0.27963849174771893,-0.27970382468397464,-0.1834187181947336,-0.2748376528327423,-0.32603787271345,-0.3388570193396033,-0.24954155579696546,-0.24393922472812404
43,2,4.7,0.4,44,1,1541463.885,0.24595998150547732,0.20498304849706842,0.23446860500841266,0.19559940517624397,0.24981475518204546,0.16089009378060418,0.28583790068428405,0.23447987580116053,0.21061578692821367,0.25407938661871404,0.18852564675659425,0.18258148644900785,0.22204501473637883,0.16902983092292737,0.22488378681952367,0.23483998797947314,0.19582632712298367,0.2466918111542319,0.20292155167243867,0.19673261500711017,0.25738579408544676,0.21339028995593617,0.30027432035939255,0.26387500506929995,0.2500982236124532,0.24397162963313976,0.29177149669354,0.29102153482005017,0.29422425393931106,0.27231348104686015,0.2511518717004732,0.2636585456088913,0.1816823819452042,0.20804351522528353,0.2330771006913337,0.19866092235447283,0.2644151446134283,0.18949634368270418,0.2617217756699937,0.21004451532055496,0.2910657116019676,0.1892999043519755,0.22136945252375345,0.2641593780392798,0.16010099097833994,0.18448911481858468,0.258171633950667,0.2691250730011713,0.19053926863213203,0.23227915582202377,0.2597330361600356,0.2420387419821088,0.23296287906076932,0.19389724642420375,0.26048808246157085,0.20427462198354918,0.3014277099237,0.2645031844962994,0.2524567951914422,0.2609742877629427,0.30111730706158113,0.288864140307983,0.2849844592660415,0.26095932746369443,0.2475503228621097,0.27134794897979536,0.13602602491861243,0.22985624956458647,-0.20940470710995288,-0.20805412620315275,-0.19657339846288105,-0.2704460720142809,-0.25544448312613466,-0.19742319380900905,-0.25897323946080075,-0.20348794039541745,-0.2660458969376391,-0.280216118618382,-0.21861767775323449,-0.24246766981837062,-0.25990071829399297,-0.13107578503036063,-0.21187787667009958,-0.2134286547031546,-0.18634275980574255,-0.2809005348557839,-0.20823263426684838,-0.26305244531767147,-0.26493302923410456,-0.23104733118724544,-0.277625278655558,-0.2730571170764487,-0.25591030336525133,-0.24818025651149908,-0.2681783044195532,-0.28111712150783824,-0.25898785635892557,-0.2425871685188416,-0.2921328341500753,-0.26323945613205363,-0.23491268702887272,-0.2310150510376826,-0.22412245098313724,-0.1860869824464383,-0.22514954784883703,-0.2621687580273242,-0.3136141016557476,-0.2220511018191859,-0.27696137007711513,-0.19109171439235254,-0.2861911787192191,-0.28413514667467504,-0.2307130849388573,-0.24992531296442336,-0.30462659064717873,-0.2375065211418663,-0.20542702296876258,-0.20891878610560422,-0.2581462418236152,-0.2749328021338626,-0.2717591290349078,-0.2632634318013402,-0.26973662714927765,-0.23699460027945274,-0.2799316529871394,-0.2587767139294982,-0.2582382092161698,-0.26538223112894394,-0.27635420341411576,-0.2831750377483129,-0.2530481510657981,-0.24822910476157536,-0.2867345967177216,-0.2812617024674757,-0.17119334931128813,-0.21937505952329095
45,1,4.8,2.6,29,2,923263.1776,0.2130966106040056,0.2126416884387185,0.24607982031143633,0.18042932901933245,0.25898686933618004,0.1837134700967582,0.3172450489809428,0.24762834788493482,0.29775629600152054,0.2715704248966351,0.1944106236382078,0.1913322565929312,0.19649486363825808,0.20308299513768457,0.21761119719211208,0.24545776279850423,0.16879142141468773,0.26511886246159305,0.23220344935174728,0.18964030210328084,0.25759564813871283,0.19686806023391543,0.31216671126744233,0.2991460909391686,0.27121711458808984,0.2866059606925777,0.3188895608575487,0.3020316483521577,0.27657318899081096,0.3066670919770257,0.24818701397264897,0.26923571481526515,0.2075690973528571,0.2193056523267082,0.18843008436606698,0.23296643539648998,0.1664961278265934,0.18846888760587124,0.27078453530644564,0.17352388797042304,0.2880617395155655,0.16319892442457637,0.29294350665487895,0.26241853277978916,0.21879838022147355,0.19990942178984503,0.24310384761875398,0.2723218460052202,0.22012709721292356,0.21946365712075697,0.19108291721270937,0.2843117697374716,0.24339191104865024,0.1845823453813829,0.26411504020474674,0.24051830098461177,0.3165796796555254,0.30865451428140794,0.27541832782318315,0.2712569990711714,0.3178752595720993,0.30666964151289333,0.2871047571357274,0.24498984858230316,0.27197326777754677,0.24266998271448642,0.23633923159202697,0.22416659690877577,-0.20403183392494414,-0.20530577541484815,-0.23042085065653295,-0.2337305796712027,-0.27557100810610147,-0.15854949646149036,-0.3111126558186289,-0.21909815121088072,-0.3305469334442416,-0.2839589015374108,-0.2453730619803916,-0.23436957930278643,-0.2424767598754371,-0.17132814091727644,-0.2149123105493784,-0.22526806839742985,-0.17407262897607514,-0.3039735960147831,-0.27173271441158836,-0.2445820886653028,-0.2596411808215622,-0.22733985908130658,-0.3038883702374311,-0.2992832416200258,-0.28482194322234244,-0.28887025426264334,-0.31000405906753,-0.3025841176269347,-0.2529037245202945,-0.29926556151259415,-0.2828671175137761,-0.2870587270328419,-0.24970818319604812,-0.22303572391392312,-0.18597360789792616,-0.2393571801244241,-0.17053019665258148,-0.24030201107626092,-0.2925276047575626,-0.16513467899935552,-0.29062725500190956,-0.1674667281897498,-0.32566132303700784,-0.2781359100743243,-0.26863742041772776,-0.23857881420689772,-0.2712661418423078,-0.2469792821226038,-0.22322257864779113,-0.20476036772957515,-0.1920916321042847,-0.32288261975189,-0.2417554516001351,-0.23823068478539494,-0.2682280105154623,-0.28001935622690255,-0.30922733840798905,-0.3074523357545929,-0.30292126851329654,-0.2784986213955161,-0.3104342250188954,-0.3062779407781289,-0.26869854181203423,-0.25419518617608217,-0.31284242373870075,-0.29034425018959975,-0.28547286532951116,-0.2256614490214291
46,1,1.5,1.05,40,1,1559457.331,0.24924193801629113,0.21162990093288642,0.2692366323846991,0.1904955589954029,0.2378251073558238,0.23100424165568215,0.293331415602223,0.20026634751318576,0.23878587920485328,0.20885532496591022,0.18644476393725248,0.1739949046322151,0.24500563612912,0.28962822712623915,0.22943739755967163,0.21055223608349827,0.25414415983855326,0.2738426117560777,0.250045220285824,0.19608928670223666,0.24727834671008994,0.25863747408119814,0.2930542486344663,0.2288541403479723,0.26517363511523206,0.29037272077150006,0.31373707020422864,0.29057648000499403,0.30115810638554386,0.29107056033135986,0.2558468379283377,0.2774820564722397,0.25334701270649357,0.23069081133679675,0.18714103918724398,0.21745095981237367,0.28156281062068006,0.1950622416142695,0.25224820529419845,0.2306438410303512,0.26824083683651573,0.17819232597376758,0.2659499447285904,0.25020137732395104,0.21094378230946584,0.1640474910960448,0.23401423487003967,0.2727038987109269,0.21697883977041926,0.23761805308714803,0.20718093541100643,0.24661304342139106,0.23950992365983667,0.1969634466727401,0.26725627803819024,0.25301052145772246,0.3107434602749401,0.29071048101630825,0.2754792962594383,0.2709580323269148,0.31475717948682613,0.29374255460342463,0.28940013664700015,0.2881361264228934,0.2393972936269604,0.27663566499482073,0.20655085990506836,0.19533423005369166,-0.23817024636788256,-0.19047082720190764,-0.22209691290666858,-0.2692199171157696,-0.2320772916166714,-0.19837663366185226,-0.27785633412363814,-0.15642398609495414,-0.29249423474601377,-0.25800223778975057,-0.17755616804406651,-0.25503576184381477,-0.3025019979275465,-0.24530430867032876,-0.2089898328662957,-0.19885733260892577,-0.2015961534599761,-0.302722804821563,-0.2894573810631853,-0.26375158803337834,-0.26454712119005974,-0.30118606706403556,-0.279532507534172,-0.26418554591107435,-0.28857175744007024,-0.2951465778456544,-0.29890408651512185,-0.3010179652485262,-0.26892666860998465,-0.29484539067386184,-0.2919412884086589,-0.2658728855865181,-0.2945166918665831,-0.2605325198137327,-0.15026917800049963,-0.21037643321601202,-0.25255863378047255,-0.2724103120103501,-0.24186565808532792,-0.22303666390588078,-0.27270099833600553,-0.17676423106018344,-0.3211540011144332,-0.287236039815176,-0.288087750104611,-0.24521604668382505,-0.2857825932505922,-0.22511393797583476,-0.20909941840046536,-0.21179325315992484,-0.16207138778043376,-0.2951125663426517,-0.2455805671900361,-0.2686765086554362,-0.2811425827282311,-0.2880446498718817,-0.29851779556580144,-0.301067534530504,-0.2754340669963706,-0.2944074086685378,-0.296504261718503,-0.29959994676180374,-0.24572422618901751,-0.2768856536202019,-0.2763386153852785,-0.2680507846435866,-0.24647323803691204,-0.21099944182901917
47,1,0.4,0.2,25,1,1571263.237,0.24020672547196498,0.20317259035076796,0.31607255368741133,0.1511096682017633,0.29822702639688864,0.2480000587859476,0.33592415106808954,0.32553240172377057,0.22245468555111053,0.24768880995950734,0.2421011097918409,0.15785629887899588,0.24351177452426806,0.2765752555161318,0.2363425602644481,0.24266828767418322,0.2685022029964066,0.19922724032857808,0.2636283518247434,0.16141012766334692,0.2726729693430129,0.21217083275096335,0.3406532176470615,0.3084052805244275,0.27784157996387004,0.2806165021373939,0.32083666054529086,0.3146562583975848,0.26595578124646385,0.3248676740996066,0.20349255724116946,0.28364940431326974,0.26106145383629425,0.2855547709416312,0.2547086093989519,0.17868723999400202,0.24649519332550412,0.1602068447654966,0.2880366365633202,0.28102945943268975,0.31892864978414376,0.3166018184683005,0.2397564335485985,0.25992327504675683,0.2697448730012765,0.15455604883180973,0.15993333350034225,0.2999846438026865,0.23254884269227902,0.26132461563431614,0.2791726198082587,0.23464710627432497,0.1528033895332947,0.1492022168851087,0.22707944498870067,0.2479877063679822,0.3394846223817446,0.3141166969792607,0.2849677195571629,0.28761112022493246,0.33214831177217236,0.3046622927243034,0.31305873208428286,0.3130883815547878,0.22652619038217756,0.26631761340048576,0.23165400686317777,0.3002085334051159,-0.1619529320752735,-0.25236750167984334,-0.2622268688686581,-0.27103462043134613,-0.2857841881809407,-0.2151370739908148,-0.2878119177709943,-0.23411392463445888,-0.3009952569125379,-0.3064807092120402,-0.23429055972319582,-0.2870009821254131,-0.2918585870520608,-0.18658931776573834,-0.18095303909213398,-0.16516039820498782,-0.17082515213980246,-0.2628807190312775,-0.30530510394418303,-0.28411704533838444,-0.26606743728984295,-0.2758604836996242,-0.27856758267786874,-0.3007228396755103,-0.2987271419485023,-0.315966471738681,-0.30012109348532373,-0.3019426184949044,-0.18929530666625186,-0.29219816943038907,-0.23969575973934246,-0.2632013392187501,-0.16754181580794994,-0.256501764087891,-0.17857060565514818,-0.1981689979496904,-0.2057887898183841,-0.28774801652374477,-0.2422676918317533,-0.2986223333636061,-0.3011809937265028,-0.2243337668993089,-0.321286011889159,-0.3069545312339016,-0.31889105388333816,-0.28190862129836647,-0.2602722524687944,-0.21151975956055588,-0.17001874635854552,-0.17524007946291922,-0.227197050602015,-0.28646108604231013,-0.16367197655527813,-0.2692975053691889,-0.23482803152779325,-0.31428463847261956,-0.2831330009065106,-0.29877816807524976,-0.3444154891516911,-0.31280923305146274,-0.29817559027467666,-0.3068136932182334,-0.22046871972748483,-0.25988045396273995,-0.2929779998400443,-0.32004657788307783,-0.2813201117747805,-0.26261905596174057
48,2,6.9,2.9,30,1,1668046.417,0.21143038171577713,0.1982025730725506,0.27883189806317066,0.2013546390309435,0.268547513907117,0.1788687699964909,0.33175593730439096,0.18235770740393775,0.21675185951220918,0.2622293579075101,0.2645424518037183,0.1688768994163625,0.25952057566101494,0.2977897591301547,0.22595550629188035,0.2287126476399059,0.17639087069467368,0.2891819935648711,0.22267154762157773,0.19177941043402785,0.2782721740984819,0.22887083221997487,0.3236491582837077,0.3211299564819029,0.2520728936671593,0.2927566302820302,0.3319587484367308,0.32323703259102093,0.3294433959589588,0.3241095914722794,0.2449518449103931,0.26411159651379357,0.2426133399940966,0.22327048038601482,0.17288928636885995,0.17480959293358836,0.26359331285213217,0.21883754919246448,0.2797846062182365,0.17590130766167147,0.32401486457871836,0.2972778790636763,0.23303343841058502,0.2790468844932216,0.24254889000332927,0.16583348337442277,0.18791957614510477,0.3125164404984436,0.19993970866968114,0.20027846994993528,0.24379947366944824,0.2587575820352456,0.23345970410493366,0.19462872659869226,0.2812839976675434,0.22332790335908487,0.308883751005887,0.32149898756460255,0.287826212557568,0.2925296899501145,0.3321022878546665,0.3293405334232015,0.29268551754313016,0.3262295081816976,0.2722343399251666,0.2751569690701747,0.1760727437569901,0.20162470017426876,-0.20917690025676156,-0.253169627248272,-0.24393362684529732,-0.2356979027587482,-0.29395906713879244,-0.1889475131558966,-0.30394497432330864,-0.20339565092063527,-0.2813073187721672,-0.2694659215664168,-0.3088689687704427,-0.2068274289798499,-0.3206944392918943,-0.2642751882904513,-0.2549098638174577,-0.22822628059472921,-0.14960446046272163,-0.33017464139548225,-0.23778557149313181,-0.22416773090358838,-0.2843481226494144,-0.29055176025862783,-0.30873433807784983,-0.3031799979149215,-0.3138257555394019,-0.2859586238263769,-0.3114360288869828,-0.31129996773114427,-0.3076977868077895,-0.29688904052042886,-0.26635143488940194,-0.2824932863392851,-0.2658003606027061,-0.2525595347953647,-0.16917739584505354,-0.22126598141205195,-0.2295369010161476,-0.26851467270883567,-0.3164778587069229,-0.16210829887093733,-0.30256395265534164,-0.26669336514270675,-0.2990825669628565,-0.28378817511467896,-0.294498018509886,-0.20880466451636767,-0.2353048820345629,-0.2871674827994858,-0.20729226946803703,-0.1866308439828993,-0.22175091137039143,-0.2854163569878852,-0.2683504642037395,-0.22933584759244313,-0.2873451655642185,-0.28334005454184474,-0.29756180483858025,-0.30321561505060335,-0.3366714616149782,-0.2866299063223005,-0.31157076887788654,-0.31184850595308644,-0.27729638591482947,-0.302090553432838,-0.30982368910595565,-0.2985590719286027,-0.1606946434555406,-0.22001183913039105
49,2,0.3,0.0,27,1,1152346.202,0.2632635308403797,0.2584222315166815,0.28024375499265763,0.18126575962004235,0.26870374796847624,0.31747318807335345,0.31743335859439625,0.28430492761317616,0.2349592627563475,0.25396848686311474,0.18140232236502862,0.17889666389895148,0.23412611869993452,0.27627305812224645,0.2534468561447252,0.2267963797472005,0.17141927697057943,0.28451312864929434,0.2717229349660588,0.18954745845208967,0.2479597988308528,0.2614288410389178,0.31967841161540467,0.2706332865180239,0.28718231125805965,0.29753370277148844,0.32325500999982176,0.3055607993113956,0.289275752542024,0.26967021657042556,0.2572428306908234,0.2593522395220079,0.17778503035447485,0.255788667220168,0.25305761858110254,0.235402388249015,0.263570320391262,0.19101812725914663,0.2636310170839282,0.26822848300732854,0.31058237916117304,0.20955329529632227,0.22088108381274132,0.2774859593893237,0.19251381554196847,0.16615911381459098,0.20131132736839663,0.2966025622874903,0.22405857523393458,0.225254519413169,0.2262982345169927,0.2540606796877686,0.1816140253364987,0.18697129228768625,0.2362362015325214,0.22943952379477148,0.32023889233481784,0.26002541658880474,0.267889729292812,0.27479179128966114,0.32447583227745824,0.29760141945480534,0.30440351043653757,0.31099176921075217,0.2425135138481981,0.27934554099916753,0.17394997048767197,0.2559419185317278,-0.20087438903856114,-0.25136015705110853,-0.30053057624517104,-0.2754360845773252,-0.2655189913406481,-0.2699746532092995,-0.2953921957078198,-0.2240816293843658,-0.29120553431817126,-0.2817468735038631,-0.209152529503895,-0.2745231870027901,-0.3189779170757051,-0.21431009245401597,-0.24473190280302143,-0.20144815542868294,-0.14899512230210143,-0.3421422569004858,-0.2598428930474619,-0.27540167376521324,-0.25210415155726296,-0.2872376511621518,-0.2915919548267888,-0.2917930961420853,-0.2943316960345063,-0.29942876329180446,-0.2942114259816744,-0.29926598760964246,-0.2407598351302501,-0.280484152522188,-0.30901472270732117,-0.25847055063845703,-0.18296033770324005,-0.2418371367387145,-0.19510127322120005,-0.21713272822750826,-0.23099339959064147,-0.28358726118045174,-0.2665620151689881,-0.21834020219274136,-0.2986395253451558,-0.18101737763693404,-0.28257040751483725,-0.29770749015257114,-0.2609479458815833,-0.2656380275166444,-0.27408913344993957,-0.2422330378282487,-0.19296593419963706,-0.18849452168220815,-0.2081400588084267,-0.32127545375889777,-0.20450065640491075,-0.2818804317651385,-0.2450676785613906,-0.2725494042599201,-0.2827029073570666,-0.27470469678509707,-0.260046441325209,-0.30048558788036117,-0.29745177671695694,-0.29604205389380944,-0.25244690767831013,-0.29201853339315476,-0.28574155496490505,-0.27879724896225583,-0.19371839765981913,-0.23573063212048614
50,1,2.5,0.5,34,1,1478053.691,0.23370820016717736,0.22787011301475749,0.28411710147770186,0.1728708696370385,0.25774724666014365,0.19018074139108512,0.3127202404370626,0.25200593492669965,0.1899762481272734,0.23108139409939274,0.21506520136619073,0.16225734708220763,0.2706116821430165,0.23349368934042614,0.26264652171539954,0.2522757286123741,0.18374067353525678,0.2510828686272441,0.24462263138997287,0.17580315352938397,0.2761462885557741,0.2247928737905341,0.32889889263310396,0.29235289176870616,0.26854057870698544,0.274719171463931,0.3250808872543574,0.29872535679070167,0.3063783473898824,0.32682988831024706,0.2715090226741465,0.2833876495682378,0.22595420369399102,0.222700200335031,0.25493707934114634,0.22607062354451313,0.3093129737016139,0.17713489238763308,0.2843207355680429,0.3033273553300564,0.2847359945135678,0.26079067344502455,0.21662379002637777,0.24157001149768936,0.1956627935020979,0.15761838717737617,0.15797212864709528,0.2690739798745492,0.23939742027752914,0.225787689107553,0.20528220494270313,0.25513177637654116,0.16725541878485525,0.17759315017393398,0.2598750870975062,0.22645651753055307,0.327359604857182,0.28653879300899543,0.24724023815214924,0.28090777443570436,0.3269099335328074,0.30699768948096784,0.2906719192263297,0.32284102201173487,0.243676290886352,0.26335697804361724,0.22379269850605685,0.25661510301703044,-0.16636621354521902,-0.23473567316802804,-0.2353598714009687,-0.2764003023184491,-0.26396635300613996,-0.16447900206210883,-0.2906297653028919,-0.20762481761796558,-0.25675850686197405,-0.270735579673169,-0.2662988282353703,-0.26017106855566424,-0.3390767478568917,-0.16829279979977282,-0.26977905720860923,-0.18456048019878232,-0.13879346250053717,-0.2834354001373538,-0.2772278919284843,-0.2731444794967005,-0.27289631352494104,-0.27349177087895904,-0.29831121716666364,-0.27841848934846536,-0.271315124365495,-0.2863587372152564,-0.2950092343979567,-0.29678038573728394,-0.25067722392524255,-0.2839639819996557,-0.32397310096284415,-0.32486804282304593,-0.273589040548925,-0.24593551715158096,-0.17946935923802187,-0.23958587527377664,-0.24068837660747236,-0.2748675893178446,-0.2855565838343737,-0.23555229947985834,-0.2828014762654948,-0.19765105718074985,-0.29987563755001984,-0.28544798323722903,-0.2787008875248649,-0.2561380217757193,-0.22634961501118692,-0.20036868414719852,-0.22195169347874372,-0.2034088498490854,-0.1453242407637057,-0.2804155062079651,-0.14592593923714037,-0.26860880133438936,-0.26431946334239226,-0.27059764627340255,-0.28779439744347235,-0.29203741331928096,-0.2482190259448573,-0.2927151453134914,-0.296164987317842,-0.29831502013261246,-0.228181843811491,-0.29422987092761016,-0.30759861513738807,-0.24271823448125399,-0.2936986273613252,-0.2315029159421609
52,1,0.9,3.5,36,1,1122671.404,0.16793069692537693,0.23692501808685862,0.2041503009028736,0.18734697896493063,0.23847416740129243,0.2535267724442707,0.29887443159467453,0.25635444246679767,0.20346823659255422,0.2577828999158774,0.21892738189813776,0.14799133641123186,0.21864831915236888,0.2657728937955549,0.23170207990202346,0.23035156336914583,0.18493311365168633,0.24453859214261844,0.2031689759325079,0.20085796417720173,0.29288751925371753,0.15651119896724922,0.3013943373242557,0.2812934395838413,0.2584480946063515,0.26053276745367565,0.3036782333247956,0.3082098739937591,0.27665263658387446,0.28991865388375404,0.2553323332886277,0.24373768054582198,0.2178611275299372,0.23262298538792486,0.2094296573705929,0.21932796724306194,0.27056402355309145,0.18617707098974898,0.2515500958261772,0.26161338414306834,0.30681313833557733,0.11153385899525785,0.21890810353716914,0.27430761765186873,0.2439205250615188,0.16795511027295618,0.19508483676301627,0.261721443566319,0.2289661673772434,0.23049642256043884,0.19357586494386025,0.24241903500051823,0.20927847893875828,0.20293023044354688,0.2827646393833787,0.20995584512539883,0.2871471880628041,0.2961207252322428,0.2587397675381508,0.2539140161588509,0.3063363726234635,0.2929420359370102,0.27036470025815135,0.2759810673171942,0.25285885809826114,0.26849446244147784,0.22917273542467725,0.23541661235595898,-0.14443177022780657,-0.2318470757244452,-0.17991300572360247,-0.2608069725539757,-0.28636212957578633,-0.2304406123036464,-0.26398609456405836,-0.21799288155251428,-0.2527718728676516,-0.26471871901657634,-0.2829486517712672,-0.20134161443885992,-0.23427729362523633,-0.21462401370936662,-0.21252628834995502,-0.22399757710390225,-0.18666617453998358,-0.2879435517074213,-0.22399397962301762,-0.26754009122660444,-0.27512009738619825,-0.18810582549840626,-0.2688150925266557,-0.2743392893035428,-0.28285222942925714,-0.2586425823487321,-0.26401719384247374,-0.2760854967022789,-0.23312234927930697,-0.2594005122250528,-0.32430645077481723,-0.26511855694810255,-0.2728650597869413,-0.25596782182330896,-0.1805529178000993,-0.24080900334836525,-0.23321321779819174,-0.25823780006156705,-0.3055007953685402,-0.2202120269476002,-0.2775917302158361,-0.15011859615768836,-0.2584170759403665,-0.2742810933374952,-0.31620643822061073,-0.21854367942109337,-0.26008941395853186,-0.2183120944190726,-0.22481331782825437,-0.21247812863995527,-0.20453140034836934,-0.30692043207655884,-0.2609115588294182,-0.26027892044532863,-0.26640992490437226,-0.21238031607627175,-0.26737611031411446,-0.2798823789884011,-0.29533444366178646,-0.2615488189136845,-0.26762463164103717,-0.28049953919638754,-0.23597179320984704,-0.2428677594431684,-0.3180113544340178,-0.3046814575394959,-0.30100542500440414,-0.24932541557492177
53,2,3.0,1.6,38,1,1601462.145,0.2414354222443563,0.19431160704861125,0.22467260467581018,0.21116538995617562,0.2306650040013865,0.1786762908932554,0.2943313896912584,0.17419541746086664,0.221654096957713,0.23321486703308278,0.2206637745747284,0.1959990931285595,0.24470059546272094,0.27722523213446415,0.21447580320631585,0.23566957520655787,0.16444381906970165,0.23141926279778652,0.2087962253373685,0.21083547191976704,0.259382022195144,0.20861195886032835,0.31647310853048743,0.2740515184216234,0.2351128502384698,0.29148582237727744,0.3256788840949587,0.29853620721564417,0.2813505851075927,0.3103980725021354,0.2586190678994155,0.22494500026008543,0.21252879167252747,0.19996309211621735,0.21573842952977612,0.21444952319523253,0.3010344020851648,0.21110430135169356,0.24008633359796452,0.20115770848848644,0.3146394075030818,0.2717799644212849,0.20750621958365265,0.2273539545317592,0.20929584235726145,0.173043146457946,0.25537936294180447,0.2934844952120868,0.22296265389752104,0.24478065756584813,0.19553355242519022,0.26272696777206855,0.24764654759714327,0.2097315920122484,0.259616805362952,0.2404293717314585,0.3058068463676699,0.31865041720806936,0.2370448102243065,0.28546006312944433,0.31630290184686616,0.3154756483402635,0.2913401831732603,0.3166062431255879,0.23985071577559847,0.25463998211337174,0.1725466911705282,0.21067736349402696,-0.22436114885481298,-0.18871797356797698,-0.18005044538686155,-0.2667946879668889,-0.25514696031173745,-0.1494388457570559,-0.2711313211929294,-0.1610632980953768,-0.2889984570988638,-0.25748908551082733,-0.29030094728513284,-0.2565265710302378,-0.3220290535785947,-0.22246534699510423,-0.23513637597512346,-0.21246841757780574,-0.13824877515032832,-0.2701740988547982,-0.22439034838765473,-0.27134897806498204,-0.2612855836322434,-0.2705596519379199,-0.285044599553287,-0.2688379682472245,-0.23257734005275854,-0.28018786687366354,-0.28933203539173213,-0.28282488738676487,-0.24900406502346759,-0.2734509526428396,-0.3131311813873717,-0.2289929999358801,-0.26729385020665014,-0.2473557908373291,-0.174239585648176,-0.2665344147201943,-0.2485021234286851,-0.27683739521766343,-0.2693898014034272,-0.15114425505659462,-0.2856772540600231,-0.2270138525196714,-0.2769429364534021,-0.25820007509202414,-0.25921888124158565,-0.24737058605965695,-0.3238610929063356,-0.24623456565913204,-0.23784203921891509,-0.22373389304236055,-0.15467956546214665,-0.3224607702417545,-0.2778972091892031,-0.26088658796538944,-0.26379543573653863,-0.31846502430562373,-0.27394978667632647,-0.2856715291909739,-0.23687478886556126,-0.2723655305281708,-0.2850247835250565,-0.2880330271095268,-0.2516427249037292,-0.28484111289194997,-0.284721435963319,-0.2707334843550434,-0.21594491259907295,-0.25704012840025986
54,2,2.1,0.0,44,2,1019487.271,0.21849544253981082,0.2272520427309827,0.18167407968596935,0.19611752855508185,0.2640447215838841,0.18669577329704415,0.2828188298390813,0.23647069660893322,0.20180077349274075,0.24756338761110203,0.15085942943690556,0.19279697664835052,0.22155313041245583,0.22992624996952524,0.25500727670557555,0.09080325345718446,0.20230309151712333,0.26074296097384253,0.22266968979064444,0.1969420382102589,0.24951618179957621,0.23460718791323285,0.24669672584710867,0.2674990220721941,0.27388952331961997,0.27581648645945533,0.2833598764713638,0.27481541705605966,0.2517366406157392,0.2485184994811907,0.2503164826098743,0.26011885755888614,0.20399124174725491,0.25571975135724684,0.2334206409789973,0.2334594514441966,0.2405398930857988,0.19234483770399274,0.2709098539163591,0.21588310265424712,0.28265527491921355,0.19456970110461197,0.23513929419495513,0.24923376617434054,0.19755390470234294,0.18852158960908236,0.22761944519089736,0.23111516435412535,0.2532799371518167,0.26026211553199907,0.22259276800397595,0.21636433749063388,0.24374175375101084,0.1972844683800214,0.2569142550579293,0.258128566783209,0.2880882734305474,0.27708308396887144,0.27104116514913157,0.2664752530009138,0.29042612027424264,0.27794250583458974,0.24903931459050666,0.2904470447992856,0.23022076420083742,0.26231567424130053,0.17272472174122988,0.24019994451468824,-0.1954329512150193,-0.23028380312342236,-0.18102745323799588,-0.2563419295336687,-0.25001310365120866,-0.187428033266257,-0.29054507368696314,-0.21342749384678297,-0.2373800279648421,-0.2797739509844551,-0.15197004461447958,-0.2562657426432623,-0.27370133782151373,-0.19435912119478427,-0.2451120379602618,-0.12060321389994688,-0.1821715270048508,-0.2806490954786142,-0.20468438390754395,-0.25918784322908,-0.2549437359682245,-0.2621526203095345,-0.24711554741631292,-0.2866485572552235,-0.2781076388709724,-0.28919788362118304,-0.29067893875480283,-0.2947795430135558,-0.22414193043429942,-0.2584541868836656,-0.28001404257053564,-0.27090058914667947,-0.23293865523485377,-0.27574050049207266,-0.2080166676720862,-0.24222748507622055,-0.23273307914780617,-0.25518283440281647,-0.261010374591826,-0.1858987574149137,-0.28940595459615454,-0.19416070307783795,-0.2729560332804664,-0.28218953775975497,-0.2548653781771524,-0.2535671932935248,-0.2394729813098527,-0.2056963895632068,-0.24410842729080615,-0.2492205219905558,-0.22206471387897755,-0.254344404899862,-0.21473464002003526,-0.25682504361230435,-0.26891918621620226,-0.2931278451390399,-0.28685832484715384,-0.29350574978225175,-0.27829954904083615,-0.29601558077198653,-0.2911319289989731,-0.2867834118313547,-0.22300405334580853,-0.28371682427153666,-0.2645588324126725,-0.2687143259451465,-0.2218216505705609,-0.2570726988649629
